mes,descricao,valor
2025-11,1.1.1 Taxa de Condominio,84284.9
2025-11,1.1.1 Taxa de Condominio (venc. 10 /2025),10094.0
2025-11,1.1.5 Taxa de Água,17681.46
2025-11,1.1.5 Taxa de Água (venc. 10 /2025),1919.84
2025-11,1.1.8 Encargos de Cobrança,271.51
2025-11,1.1.8 Encargos de Cobrança (venc. 10 /2025),168.32
2025-11,1.1.14 Homologação Acordo Extrajudicial,3649.48
2025-11,1.1.14 Homologação Acordo Extrajudicial (venc. 10 /2025),1951.17
2025-11,1.1.14 Homologação Acordo Extrajudicial (venc. 9 /2025),445.27
2025-11,1.1.15 Honorarios Advocatícios (venc. 10 /2025),118.92
2025-11,1.1.20 Multas Juros e Correções,416.34
2025-11,1.1.20 Multas Juros e Correções (venc. 10 /2025),442.88
2025-11,1.1.29 Atualização Monetária,11.83
2025-11,1.1.29 Atualização Monetária (venc. 10 /2025),7.09
2025-11,1.1.29 Atualização Monetária (venc. 9 /2025),1.22
2025-11,1.2.1 Taxas Fundo de Reserva,4215.08
2025-11,1.2.1 Taxas Fundo de Reserva (venc. 10 /2025),504.8
2025-11,1.2.3 Taxas Extras Sinalização viária - Parc. 4/18 (venc. 10 /2025),619.2
2025-11,1.2.3 Taxas Extras Sinalização viária - Parc. 5/18,5170.32
2025-11,1.2.18 Mercado Mini facil (Lucien),1420.7
2025-11,1.2.51 Feira,35.0
2025-11,1.2.51 Feira Elisete,735.0
2025-11,1.4.1 Rendimento de Aplicação,554.53
2025-11,2.4.1 Portaria Vigilância e Controle Acesso Investimento equipamentos ref. 10/2025,2300.0
2025-11,2.4.1 Portaria Vigilância e Controle Acesso Ref. 10/2025,45833.03
2025-11,2.4.5 Auxiliar de Manutenção Limpeza e jardinagem ref. 10/2025,18571.88
2025-11,2.4.7 Serviços de Administração de Condomínio 1º parc. 13º,2100.0
2025-11,2.4.7 Serviços de Administração de Condomínio Ref. 10/2025,4200.0
2025-11,"2.4.19 Contratos - Manutenção Elétrica Manutenção elétrica, portaria e controle de acesso",1280.0
2025-11,2.4.21 Remuneração Síndico Ref. 10/2025,4200.0
2025-11,2.5.1 INSS Retido de prestadores de serviços FORNECEDOR / PRESTADOR DE SERVIÇOS,5228.81
2025-11,2.5.1 INSS Retido de prestadores de serviços FORNECEDOR / PRESTADOR DE SERVIÇOS,2023.72
2025-11,2.5.1 INSS Retido de prestadores de serviços Help Soluções Ambientais Ltda 10874,159.5
2025-11,2.5.1 INSS Retido de prestadores de serviços Help Soluções Ambientais Ltda 10965,104.5
2025-11,2.5.2 PCC Retido FORNECEDOR / PRESTADOR DE SERVIÇOS,2490.17
2025-11,2.5.2 PCC Retido FORNECEDOR / PRESTADOR DE SERVIÇOS,1004.4
2025-11,2.5.4 ISS Retido de prestadores de serviços Adenildo Francisco Alves Junior - Me 28,96.0
2025-11,2.6.1 Energia Elétrica Ref. 10/2025 (Clube),2780.99
2025-11,2.6.1 Energia Elétrica Ref. 11/2025 (Estação elevatória esgoto),1144.62
2025-11,2.6.1 Energia Elétrica Ref. 11/2025 (Portaria),2758.85
2025-11,2.6.2 Água e Esgoto Ref. 10/2025,17085.6
2025-11,2.6.3 Telefone-Internet Período de 05/10/2025 a 04/11/2025,79.98
2025-11,2.7.1 Tintas e Materiais para Pintura Fita crepe e empac,200.0
2025-11,"2.7.2 Material de Limpeza Piscina Cloro, pastilha, clear gel, elevador de alcalinidade, etc.",470.7
2025-11,"2.7.4 Materiais de Limpeza e consumo Pedra sanitária, esponja, papel higiênico, álcool, saco de lixo, etc.",601.36
2025-11,"2.7.4 Materiais de Limpeza e consumo Pedra sanitária, vassoura, papel, pano, detergente, etc.",378.23
2025-11,2.7.6 Material p- Consertos e Reparos Conjunto tampa e parafuso,155.5
2025-11,2.7.8 Ornamentação Cascata,347.9
2025-11,2.8.7 Dedetizações em Geral Controle integrado de pragas,1290.5
2025-11,2.8.8 Desentupimento em Geral Limpeza da estação elevatória,845.5
2025-11,2.8.10 Manutenção Hidraulica - Mão de Obra Ref. 09/2025,3100.0
2025-11,2.8.15 Manutenções Elétricas Troca de fotocelula,160.0
2025-11,"2.8.18 Manutenção e Limpeza da Piscina Manutenção em dois ombrelones, ajuste da coroa e costura",200.0
2025-11,2.8.18 Manutenção e Limpeza da Piscina Ref. 10/2025,600.0
2025-11,2.9.6 Desp. c- Cartório Registro de ATA age 06/10/2025,202.84
2025-11,2.9.9 Cópias e Autenticações Cópias adm - apoio contas a pagar ref. 10/2025,99.0
2025-11,2.10.1 Repasse de Encargos de Cobrança Ref. 10/2025,172.64
2025-11,2.10.2 Honorarios de Cobranças Jurídicas Ref. a prestação de conta 11/2025,506.33
2025-11,2.10.3 Assessoria Jurídica Ref. 10/2025,4950.0
2025-11,2.11.1 Desp. c- Boletos Bancarios,1372.0
2025-11,2.11.1 Desp. c- Boletos Bancarios (venc. 10 /2025),172.0
2025-11,2.11.2 Despesas Bancarias,44.74
2025-11,2.11.2 Despesas Bancarias,44.74
2025-11,2.4.7 Serviços de Administração de Condomínio Ref. 10/2025,4200.0
2025-11,"2.8.18 Manutenção e Limpeza da Piscina Manutenção em dois ombrelones,",200.0
2025-11,"2.7.4 Materiais de Limpeza e consumo Pedra sanitária, esponja, papel",601.36
2025-11,2.4.21 Remuneração Síndico Ref. 10/2025,4200.0
2025-11,2.7.1 Tintas e Materiais para Pintura Fita crepe e empac,100.0
2025-11,2.8.15 Manutenções Elétricas Troca de fotocelula,160.0
2025-11,2.9.6 Desp. c- Cartório Registro de ATA age 06/10/2025,202.84
2025-11,2.6.1 Energia Elétrica Ref. 10/2025 (Clube),2780.99
2025-11,2.6.2 Água e Esgoto Ref. 10/2025,17085.6
2025-11,2.5.4 ISS Retido de prestadores de serviços,96.0
2025-11,2.10.1 Repasse de Encargos de Cobrança Ref. 10/2025,172.64
2025-11,2.7.6 Material p- Consertos e Reparos Conjunto tampa e parafuso,155.5
2025-11,2.7.8 Ornamentação Cascata,347.9
2025-11,2.6.1 Energia Elétrica Ref. 11/2025 (Estação elevatória,1144.62
2025-11,2.6.1 Energia Elétrica Ref. 11/2025 (Portaria),2758.85
2025-11,2.7.16 Placas e Sinalizações Sinalização horizontal (entrada 30% +,5850.0
2025-11,2.10.3 Assessoria Jurídica Ref. 10/2025,4950.0
2025-11,2.8.18 Manutenção e Limpeza da Piscina Ref. 10/2025,600.0
2025-11,"2.4.19 Contratos - Manutenção Elétrica Manutenção elétrica, portaria e controle",1280.0
2025-11,2.5.1 INSS Retido de prestadores de serviços Help Soluções Ambientais Ltda 10965,104.5
2025-11,2.5.1 INSS Retido de prestadores de serviços Help Soluções Ambientais Ltda 10874,159.5
2025-11,2.5.2 PCC Retido FORNECEDOR / PRESTADOR DE SERVIÇOS,1004.4
2025-11,2.5.1 INSS Retido de prestadores de serviços FORNECEDOR / PRESTADOR DE SERVIÇOS,2023.72
2025-11,2.4.7 Serviços de Administração de Condomínio 1º parc. 13º,2100.0
2025-11,2.5.2 PCC Retido,2490.17
2025-11,2.8.10 Manutenção Hidraulica - Mão de Obra Ref. 09/2025,3100.0
2025-11,2.5.1 INSS Retido de prestadores de serviços FORNECEDOR / PRESTADOR DE SERVIÇOS,5228.81
2025-11,2.4.1 Portaria Vigilância e Controle Acesso Investimento equipamentos ref.,2300.0
2025-11,2.4.1 Portaria Vigilância e Controle Acesso Ref. 10/2025,45833.03
2025-11,2.6.3 Telefone-Internet Período de 05/10/2025 a 04/11/2025,79.98
2025-11,"2.7.4 Materiais de Limpeza e consumo Pedra sanitária, vassoura, papel, pano,",378.23
2025-11,2.4.5 Auxiliar de Manutenção Limpeza e jardinagem ref. 10/2025,18571.88
2025-11,2.7.1 Tintas e Materiais para Pintura Fita crepe e empac,100.0
2025-11,"2.7.2 Material de Limpeza Piscina Cloro, pastilha, clear gel, elevador de",470.7
2025-11,"2.7.3 Material Para Manutenção Elétrica Cabo pp, conector, disjuntor, led",522.97
2025-11,2.8.8 Desentupimento em Geral Limpeza da estação elevatória,845.5
2025-11,2.8.7 Dedetizações em Geral Controle integrado de pragas,1290.5
2025-11,2.10.2 Honorarios de Cobranças Jurídicas Ref. a prestação de conta 11/2025,506.33
2025-11,2.9.9 Cópias e Autenticações Cópias adm - apoio contas a pagar ref.,99.0
2025-09,1.1.1 Taxa de Condominio,86556.05
2025-09,1.1.1 Taxa de Condominio (venc. 7 /2025),252.35
2025-09,1.1.1 Taxa de Condominio (venc. 8 /2025),11103.4
2025-09,1.1.5 Taxa de Água,17089.31
2025-09,1.1.5 Taxa de Água (venc. 7 /2025),40.68
2025-09,1.1.5 Taxa de Água (venc. 8 /2025),2046.14
2025-09,1.1.8 Encargos de Cobrança,38.37
2025-09,1.1.14 Homologação Acordo Extrajudicial,1832.56
2025-09,1.1.14 Homologação Acordo Extrajudicial (venc. 8 /2025),356.05
2025-09,1.1.15 Honorarios Advocatícios,118.92
2025-09,1.1.20 Multas Juros e Correções,305.3
2025-09,1.1.20 Multas Juros e Correções (venc. 7 /2025),10.72
2025-09,1.1.20 Multas Juros e Correções (venc. 8 /2025),493.51
2025-09,1.1.29 Atualização Monetária,6.31
2025-09,1.1.29 Atualização Monetária (venc. 8 /2025),3.92
2025-09,1.2.1 Taxas Fundo de Reserva,4328.66
2025-09,1.2.1 Taxas Fundo de Reserva (venc. 7 /2025),12.62
2025-09,1.2.1 Taxas Fundo de Reserva (venc. 8 /2025),555.28
2025-09,1.2.3 Taxas Extras Sinalização viária - Parc. 1/18 (venc. 7 /2025),15.48
2025-09,1.2.3 Taxas Extras Sinalização viária - Parc. 2/18 (venc. 8 /2025),681.12
2025-09,1.2.3 Taxas Extras Sinalização viária - Parc. 3/18,5309.64
2025-09,1.2.18 Mercado Lucien Wanderley - Ref. 28 a 31/08/2025.,138.45
2025-09,1.2.51 Feira Elisete ref. 09/2025,1007.5
2025-09,1.4.1 Rendimento de Aplicação,493.64
2025-09,2.4.1 Portaria Vigilância e Controle Acesso Investimento equipamentos ref. 08/2025,2300.0
2025-09,2.4.1 Portaria Vigilância e Controle Acesso Ref. 08/2025,48116.48
2025-09,2.4.5 Auxiliar de Manutenção Limpeza e jardinagem ref. 08/2025,19407.6
2025-09,2.4.7 Serviços de Administração de Condomínio Ref. 08/2025,4200.0
2025-09,"2.4.19 Contratos - Manutenção Elétrica Manutenção elétrica, portaria e controle de acesso",1280.0
2025-09,2.4.21 Remuneração Síndico Ref. 08/2025,4200.0
2025-09,2.5.1 INSS Retido de prestadores de serviços FORNECEDOR / PRESTADOR DE SERVIÇOS,2945.36
2025-09,2.5.1 INSS Retido de prestadores de serviços FORNECEDOR / PRESTADOR DE SERVIÇOS,1188.0
2025-09,2.5.1 INSS Retido de prestadores de serviços Help Soluções Ambientais Ltda 10445,159.5
2025-09,2.5.2 PCC Retido FORNECEDOR / PRESTADOR DE SERVIÇOS,2490.17
2025-09,2.5.2 PCC Retido FORNECEDOR / PRESTADOR DE SERVIÇOS,1004.4
2025-09,2.5.4 ISS Retido de prestadores de serviços Adenildo Francisco Alves Junior - Me Unidade XXXdenildo Francisco,93.0
2025-09,2.6.1 Energia Elétrica Ref. 08/2025 (Clube),2801.31
2025-09,2.6.1 Energia Elétrica Ref. 09/2025 (Estação elevatória esgoto),1195.98
2025-09,2.6.1 Energia Elétrica Ref. 09/2025 (Portaria),3143.56
2025-09,2.6.2 Água e Esgoto Ref. 08/2025,17085.6
2025-09,2.6.3 Telefone-Internet Período de 05/08/2025 a 04/09/2025,79.98
2025-09,2.6.4 Gás Gas liquefeito,115.0
2025-09,"2.7.2 Material de Limpeza Piscina Cloro, elevador de alcalinidade, ph, pasilha e clear gel",460.8
2025-09,2.7.4 Materiais de Limpeza e consumo Interfolha,149.0
2025-09,2.7.5 Material para Manutenção Hidraulica Válvula redutora,199.99
2025-09,"2.7.11 Plantas e Jardinagens Casca de pinus, limitador e seixo branco",1092.0
2025-09,2.7.18 Frete,170.0
2025-09,2.8.4 Serviços de Serralheria Solda em cadeira e suporte de guarda sol,380.0
2025-09,2.8.7 Dedetizações em Geral Controle integrado de pragas,1290.5
2025-09,2.8.18 Manutenção e Limpeza da Piscina Ref. 08/2025,600.0
2025-09,"2.8.18 Manutenção e Limpeza da Piscina Serviço de confecção de haste, costura e manutenção do ombrelone",250.0
2025-09,"2.8.21 Manutenção das Instalações Manutenção preventiva na estação elevatória (limpeza das bombas, cesto",3104.0
2025-09,2.8.21 Manutenção das Instalações Serviço de troca da trava da haste articulável,119.0
2025-09,2.9.6 Desp. c- Cartório Registro de ata 08/04/2025,441.44
2025-09,2.9.9 Cópias e Autenticações Ata ago 08/05/2025 e cópias adm - apoio contas a pagar ref. 08/2025,90.0
2025-09,2.9.9 Cópias e Autenticações Notificações e envelopes 10/09 e 15/09/2025,46.5
2025-09,2.9.10 Encadernações e Materias Graficos Ref. 08/2025,448.5
2025-09,2.10.1 Repasse de Encargos de Cobrança Ref. 08/2025,33.18
2025-09,2.10.2 Honorarios de Cobranças Jurídicas Ref. a prestação de contas 09/2025,369.68
2025-09,2.10.3 Assessoria Jurídica Ref. 08/2025,4950.0
2025-09,2.11.1 Desp. c- Boletos Bancarios,1376.0
2025-09,2.11.1 Desp. c- Boletos Bancarios (venc. 7 /2025),4.0
2025-09,2.11.1 Desp. c- Boletos Bancarios (venc. 8 /2025),176.0
2025-09,2.11.2 Despesas Bancarias,44.74
2025-09,2.11.2 Despesas Bancarias,44.74
2025-09,2.4.21 Remuneração Síndico Ref. 08/2025,4200.0
2025-09,2.4.7 Serviços de Administração de Condomínio Ref. 08/2025,4200.0
2025-09,"2.7.3 Material Para Manutenção Elétrica Inpol pvc, tampa, eletroduto,",178.99
2025-09,2.10.1 Repasse de Encargos de Cobrança Ref. 08/2025,33.18
2025-09,"2.7.2 Material de Limpeza Piscina Cloro, elevador de alcalinidade, ph,",460.8
2025-09,2.5.4 ISS Retido de prestadores de serviços Adenildo Francisco Alves Junior - Me,93.0
2025-09,2.9.10 Encadernações e Materias Graficos Adesivos e placas,250.0
2025-09,"2.8.18 Manutenção e Limpeza da Piscina Serviço de confecção de haste, costura",250.0
2025-09,"2.7.6 Material p- Consertos e Reparos Cadeado, adubo, gancho de rede, lima",335.17
2025-09,2.6.2 Água e Esgoto Ref. 08/2025,17085.6
2025-09,2.6.1 Energia Elétrica Ref. 08/2025 (Clube),2801.31
2025-09,2.8.21 Manutenção das Instalações Manutenção preventiva na estação,3104.0
2025-09,2.9.6 Desp. c- Cartório Registro de ata 08/04/2025,441.44
2025-09,2.7.4 Materiais de Limpeza e consumo Interfolha,149.0
2025-09,2.6.1 Energia Elétrica Ref. 09/2025 (Estação elevatória,1195.98
2025-09,2.6.1 Energia Elétrica Ref. 09/2025 (Portaria),3143.56
2025-09,2.10.3 Assessoria Jurídica Ref. 08/2025,4950.0
2025-09,2.5.1 INSS Retido de prestadores de serviços Help Soluções Ambientais Ltda 10445,159.5
2025-09,2.5.2 PCC Retido FORNECEDOR / PRESTADOR DE SERVIÇOS,1004.4
2025-09,2.5.1 INSS Retido de prestadores de serviços FORNECEDOR / PRESTADOR DE SERVIÇOS,1188.0
2025-09,2.5.2 PCC Retido FORNECEDOR / PRESTADOR DE SERVIÇOS,2490.17
2025-09,2.5.1 INSS Retido de prestadores de serviços FORNECEDOR / PRESTADOR DE SERVIÇOS,2945.36
2025-09,2.7.18 Frete,170.0
2025-09,2.8.18 Manutenção e Limpeza da Piscina Ref. 08/2025,600.0
2025-09,"2.7.3 Material Para Manutenção Elétrica Bucha, cano pp, conector, duto, inpol",780.75
2025-09,"2.7.11 Plantas e Jardinagens Casca de pinus, limitador e seixo",1092.0
2025-09,"2.4.19 Contratos - Manutenção Elétrica Manutenção elétrica, portaria e controle",1280.0
2025-09,2.8.21 Manutenção das Instalações Serviço de troca da trava da haste,119.0
2025-09,2.9.10 Encadernações e Materias Graficos Ref. 08/2025,448.5
2025-09,2.9.9 Cópias e Autenticações Notificações e envelopes 10/09 e,46.5
2025-09,2.6.3 Telefone-Internet Período de 05/08/2025 a 04/09/2025,79.98
2025-09,2.6.4 Gás Gas liquefeito,115.0
2025-09,2.4.1 Portaria Vigilância e Controle Acesso Investimento equipamentos ref.,2300.0
2025-09,2.4.1 Portaria Vigilância e Controle Acesso Ref. 08/2025,48116.48
2025-09,2.4.5 Auxiliar de Manutenção Limpeza e jardinagem ref. 08/2025,19407.6
2025-09,2.9.9 Cópias e Autenticações Ata ago 08/05/2025 e cópias adm -,90.0
2025-09,2.8.4 Serviços de Serralheria Solda em cadeira e suporte de guarda,380.0
2025-09,2.8.7 Dedetizações em Geral Controle integrado de pragas,1290.5
2025-09,2.10.2 Honorarios de Cobranças Jurídicas Ref. a prestação de contas 09/2025,369.68
2025-09,2.7.5 Material para Manutenção Hidraulica Válvula redutora,199.99
2025-08,1.1.1 Taxa de Condominio,86556.05
2025-08,1.1.1 Taxa de Condominio (venc. 7 /2025),9336.95
2025-08,1.1.5 Taxa de Água,16132.41
2025-08,1.1.5 Taxa de Água (venc. 7 /2025),1599.45
2025-08,1.1.8 Encargos de Cobrança,33.18
2025-08,1.1.13 Multa Infrações Regulamento NOT. 35/2025,252.35
2025-08,1.1.14 Homologação Acordo Extrajudicial,4634.06
2025-08,1.1.14 Homologação Acordo Extrajudicial Acordo Dr. Andrei - Parc. 02/03,318.01
2025-08,1.1.14 Homologação Acordo Extrajudicial Acordo Dr. Andrei - Parc. 03/03,318.01
2025-08,1.1.20 Multas Juros e Correções,412.93
2025-08,1.1.20 Multas Juros e Correções (venc. 7 /2025),295.15
2025-08,1.1.29 Atualização Monetária,16.13
2025-08,1.2.1 Taxas Fundo de Reserva,4328.66
2025-08,1.2.1 Taxas Fundo de Reserva (venc. 7 /2025),466.94
2025-08,1.2.3 Taxas Extras Sinalização viária - Parc. 1/18 (venc. 7 /2025),572.76
2025-08,1.2.3 Taxas Extras Sinalização viária - Parc. 2/18,5309.64
2025-08,1.2.51 Feira (Elisete),45.5
2025-08,1.2.51 Feira Elisete,230.0
2025-08,1.2.51 Feira Elisete 07/08 e 14/08,101.5
2025-08,1.2.51 Feira Elisete 28/08/2025,245.0
2025-08,1.4.1 Rendimento de Aplicação,422.02
2025-08,2.4.1 Portaria Vigilância e Controle Acesso Investimento equipamentos ref. 07/2025,2300.0
2025-08,2.4.1 Portaria Vigilância e Controle Acesso Ref. 07/2025,48116.48
2025-08,2.4.5 Auxiliar de Manutenção Limpeza e jardinagem ref. 07.2025,19407.6
2025-08,2.4.7 Serviços de Administração de Condomínio Ref. 07/2025,4200.0
2025-08,"2.4.19 Contratos - Manutenção Elétrica Manutenção elétrica, portaria e controle de acesso",1280.0
2025-08,2.4.21 Remuneração Síndico Ref. 07/2025,4200.0
2025-08,2.5.1 INSS Retido de prestadores de serviços FORNECEDOR / PRESTADOR DE SERVIÇOS,1188.0
2025-08,2.5.1 INSS Retido de prestadores de serviços FORNECEDOR / PRESTADOR DE SERVIÇOS,2945.36
2025-08,2.5.1 INSS Retido de prestadores de serviços Help Soluções Ambientais Ltda,159.5
2025-08,2.5.2 PCC Retido FORNECEDOR / PRESTADOR DE SERVIÇOS,1004.4
2025-08,2.5.2 PCC Retido FORNECEDOR / PRESTADOR DE SERVIÇOS,2490.17
2025-08,2.5.4 ISS Retido de prestadores de serviços Adenildo Francisco Alves Junior - Me,96.0
2025-08,2.6.1 Energia Elétrica Ref. 07/2025 (Clube),2682.31
2025-08,2.6.1 Energia Elétrica Ref. 08/2025,977.13
2025-08,2.6.1 Energia Elétrica Ref. 08/2025 (Portaria),3200.63
2025-08,2.6.2 Água e Esgoto Ref. 07/2025,19647.6
2025-08,2.6.3 Telefone-Internet Período de 05/07/2025 a 04/08/2025,79.98
2025-08,2.7.1 Tintas e Materiais para Pintura Fita crepe e empac,77.5
2025-08,"2.7.1 Tintas e Materiais para Pintura Água raz, convertedor, esmalte fosco, lixa e trincha",224.0
2025-08,"2.7.2 Material de Limpeza Piscina Cloro, elevador de ph, alcalinidade, clear gel, pastilha, etc.",768.6
2025-08,"2.7.4 Materiais de Limpeza e consumo Pedra sanitária, esponja, papel higiênico, detergente, etc.",372.06
2025-08,"2.7.4 Materiais de Limpeza e consumo Pedra sanitária, papel, detergente, luvas, etc.",437.58
2025-08,"2.7.6 Material p- Consertos e Reparos Anel borracha, pasta lubrificante, red pvc, etc.",747.38
2025-08,2.7.10 Aluguel de Caçamba 1 caçamba,340.0
2025-08,2.8.7 Dedetizações em Geral Controle integrado de pragas,1290.5
2025-08,2.8.18 Manutenção e Limpeza da Piscina Ref. 07/2025,600.0
2025-08,"2.8.21 Manutenção das Instalações Manutenção preventiva na estação elevatória (limpeza das bombas, cesto",3007.0
2025-08,2.9.6 Desp. c- Cartório Registro de ATA 04/06/2025,226.7
2025-08,2.9.9 Cópias e Autenticações Cópias adm - apoio contas a pagar ref. 07/2025,67.0
2025-08,2.9.9 Cópias e Autenticações Envelopes - notificações 26 e 28/08/2025 / ata age 04/06/2025,21.0
2025-08,2.9.9 Cópias e Autenticações Envelopes e notificações,4.1
2025-08,2.9.10 Encadernações e Materias Graficos Ref. 06/2025 (dif) e ref. 07/2025,490.0
2025-08,2.9.15 Festas e Eventos no Condomínio Lembrancinha chaveiro mdf dia dos pais + frete,73.13
2025-08,2.10.1 Repasse de Encargos de Cobrança Ref. 07/2025,32.5
2025-08,2.10.2 Honorarios de Cobranças Jurídicas,374.15
2025-08,2.10.2 Honorarios de Cobranças Jurídicas Ref. a prestação de contas 08/2025,993.39
2025-08,2.10.3 Assessoria Jurídica Ref. 07/2025,4950.0
2025-08,2.11.1 Desp. c- Boletos Bancarios,1380.0
2025-08,2.11.1 Desp. c- Boletos Bancarios (venc. 7 /2025),148.0
2025-08,2.11.2 Despesas Bancarias DÉBITO PACOTE SERVIÇOS,44.74
2025-08,2.12.1 Móveis e Utensílios Cesto balde plástico 100 litros,294.0
2025-08,2.12.7 Computador e Acessórios Teclado e mouse,168.09
2025-08,2.11.2 Despesas Bancarias DÉBITO PACOTE SERVIÇOS,44.74
2025-08,"2.7.4 Materiais de Limpeza e consumo Pedra sanitária, papel, detergente,",437.58
2025-08,"2.7.2 Material de Limpeza Piscina Cloro, elevador de ph, alcalinidade,",768.6
2025-08,2.4.7 Serviços de Administração de Condomínio Ref. 07/2025,4200.0
2025-08,2.4.21 Remuneração Síndico Ref. 07/2025,4200.0
2025-08,"2.7.3 Material Para Manutenção Elétrica Bucha, cabo pp, centrinho, cinta, led",891.23
2025-08,2.12.7 Computador e Acessórios Teclado e mouse,168.09
2025-08,2.10.1 Repasse de Encargos de Cobrança Ref. 07/2025,32.5
2025-08,2.9.15 Festas e Eventos no Condomínio Lembrancinha chaveiro mdf dia dos,73.13
2025-08,"2.7.3 Material Para Manutenção Elétrica Inpol pvc, tampa, eletroduto,",179.0
2025-08,2.5.4 ISS Retido de prestadores de serviços Adenildo Francisco Alves Junior - Me,96.0
2025-08,2.9.10 Encadernações e Materias Graficos Adesivos e placas,250.0
2025-08,2.12.1 Móveis e Utensílios Cesto balde plástico 100 litros,294.0
2025-08,"2.7.6 Material p- Consertos e Reparos Cadeado, adubo, gancho de rede, lima",335.16
2025-08,2.6.2 Água e Esgoto Ref. 07/2025,19647.6
2025-08,2.9.6 Desp. c- Cartório Registro de ATA 04/06/2025,226.7
2025-08,2.6.1 Energia Elétrica Ref. 07/2025 (Clube),2682.31
2025-08,2.9.9 Cópias e Autenticações Envelopes e notificações,4.1
2025-08,2.8.21 Manutenção das Instalações Manutenção preventiva na estação,3007.0
2025-08,2.7.10 Aluguel de Caçamba 1 caçamba,340.0
2025-08,"2.7.6 Material p- Consertos e Reparos Malathion, fita isolante, pilha, tesoura,",505.43
2025-08,2.6.1 Energia Elétrica Ref. 08/2025,977.13
2025-08,2.6.1 Energia Elétrica Ref. 08/2025 (Portaria),3200.63
2025-08,"2.7.3 Material Para Manutenção Elétrica Bucha, cano pp, conector, duto, inpol",780.75
2025-08,"2.4.19 Contratos - Manutenção Elétrica Manutenção elétrica, portaria e controle",1280.0
2025-08,2.10.3 Assessoria Jurídica Ref. 07/2025,4950.0
2025-08,2.5.1 INSS Retido de prestadores de serviços Help Soluções Ambientais Ltda,159.5
2025-08,2.8.18 Manutenção e Limpeza da Piscina Ref. 07/2025,600.0
2025-08,2.5.2 PCC Retido FORNECEDOR / PRESTADOR DE SERVIÇOS,1004.4
2025-08,2.5.1 INSS Retido de prestadores de serviços FORNECEDOR / PRESTADOR DE SERVIÇOS,1188.0
2025-08,2.5.2 PCC Retido FORNECEDOR / PRESTADOR DE SERVIÇOS,2490.17
2025-08,2.5.1 INSS Retido de prestadores de serviços FORNECEDOR / PRESTADOR DE SERVIÇOS,2945.36
2025-08,"2.7.1 Tintas e Materiais para Pintura Água raz, convertedor, esmalte fosco,",224.0
2025-08,"2.7.3 Material Para Manutenção Elétrica Tv supor., inpol pvc, led refletor,",317.95
2025-08,2.9.10 Encadernações e Materias Graficos Ref. 06/2025 (dif) e ref. 07/2025,490.0
2025-08,2.9.9 Cópias e Autenticações Cópias adm - apoio contas a pagar ref.,67.0
2025-08,2.4.1 Portaria Vigilância e Controle Acesso Investimento equipamentos ref.,2300.0
2025-08,2.4.5 Auxiliar de Manutenção Limpeza e jardinagem ref. 07.2025,19407.6
2025-08,2.6.3 Telefone-Internet Período de 05/07/2025 a 04/08/2025,79.98
2025-08,2.10.2 Honorarios de Cobranças Jurídicas Ref. a prestação de contas 08/2025,993.39
2025-08,2.4.1 Portaria Vigilância e Controle Acesso Ref. 07/2025,48116.48
2025-08,2.7.1 Tintas e Materiais para Pintura Fita crepe e empac,77.5
2025-08,"2.7.4 Materiais de Limpeza e consumo Pedra sanitária, esponja, papel",372.06
2025-08,2.8.7 Dedetizações em Geral Controle integrado de pragas,1290.5
2025-08,2.9.9 Cópias e Autenticações Envelopes - notificações 26 e,21.0
2025-08,"2.7.6 Material p- Consertos e Reparos Anel borracha, pasta lubrificante, red",747.38
2025-01,1.1.1 Taxa de Condominio,51479.4
2025-01,1.1.1 Taxa de Condominio (venc. 11 /2024),504.7
2025-01,1.1.1 Taxa de Condominio (venc. 12 /2024),5804.05
2025-01,1.1.5 Taxa de Água,7896.84
2025-01,1.1.5 Taxa de Água (venc. 11 /2024),77.42
2025-01,1.1.5 Taxa de Água (venc. 12 /2024),890.33
2025-01,1.1.7 Ressarcimento de Despesas Ref. a pagamento do saae,7200.06
2025-01,1.1.8 Encargos de Cobrança,125.69
2025-01,1.1.14 Homologação Acordo Extrajudicial,2429.44
2025-01,1.1.14 Homologação Acordo Extrajudicial Acordo Dr. Andrei ref. 20/12/2024,314.44
2025-01,1.1.14 Homologação Acordo Extrajudicial Acordo Dr. Andrei ref. 20/12/2024 e 20/01/2025,645.62
2025-01,1.1.20 Multas Juros e Correções,324.34
2025-01,1.1.20 Multas Juros e Correções (venc. 11 /2024),22.74
2025-01,1.1.20 Multas Juros e Correções (venc. 12 /2024),186.11
2025-01,1.1.29 Atualização Monetária,4.38
2025-01,1.2.1 Taxas Fundo de Reserva,2574.48
2025-01,1.2.1 Taxas Fundo de Reserva (venc. 11 /2024),25.24
2025-01,1.2.1 Taxas Fundo de Reserva (venc. 12 /2024),290.26
2025-01,1.4.1 Rendimento de Aplicação,36.97
2025-01,2.4.1 Portaria Vigilância e Controle Acesso Investimento equipamentos ref. 12/2024,2300.0
2025-01,2.4.1 Portaria Vigilância e Controle Acesso Ref. 12/2024,42147.0
2025-01,2.4.5 Auxiliar de Manutenção Manutenção e jardinagem ref. 12/2024,9450.0
2025-01,2.4.7 Serviços de Administração de Condomínio Ref. 12/2024,4200.0
2025-01,2.4.21 Remuneração Síndico Ref. 12/2024,4200.0
2025-01,2.5.1 INSS Retido de prestadores de serviços 1702,2453.0
2025-01,2.5.1 INSS Retido de prestadores de serviços 1703,550.0
2025-01,2.5.1 INSS Retido de prestadores de serviços FORNECEDOR / PRESTADOR DE SERVIÇOS,1226.5
2025-01,2.5.1 INSS Retido de prestadores de serviços FORNECEDOR / PRESTADOR DE SERVIÇOS,275.0
2025-01,2.6.1 Energia Elétrica Ref. 01/2025 (Portaria),1290.59
2025-01,2.6.1 Energia Elétrica Ref. 12/2024 (Clube),2550.89
2025-01,2.6.2 Água e Esgoto Ref. 12/2024,16258.2
2025-01,2.6.3 Telefone-Internet Período de 05/12/2024 a 04/01/2025,80.46
2025-01,2.6.3 Telefone-Internet Período de 26/11/2024 a 04/12/2024,20.96
2025-01,"2.7.2 Material de Limpeza Piscina Hiperclor, algicida, pastilha, clear gel, etc.",696.0
2025-01,2.7.3 Material Para Manutenção Elétrica Duto subterrâneo,63.93
2025-01,"2.7.4 Materiais de Limpeza e consumo Escova, papel hig., esponja, sabonete, sc lixo, etc.",757.53
2025-01,"2.7.6 Material p- Consertos e Reparos Cadeado latão, broca, espanador, corda, desentupidor, bucha, etc. 2",337.43
2025-01,2.7.12 Material-Equipamento Controle de Acesso Pulseira maxxi bands,170.0
2025-01,2.8.5 Despesas com Chaveiro 14 cópias e 1 cópia de chave gorje,195.0
2025-01,2.8.18 Manutenção e Limpeza da Piscina Ref. 12/2024,600.0
2025-01,2.8.21 Manutenção das Instalações Manutenção de ombrelones,250.0
2025-01,2.9.9 Cópias e Autenticações Notificação e envelope 18/12/2024,8.45
2025-01,2.9.10 Encadernações e Materias Graficos Impressão e encadernação da pasta contábil ref. 12/2024,182.0
2025-01,2.9.10 Encadernações e Materias Graficos Serviços gráficos,177.0
2025-01,2.9.18 Ressarcimento de Despesa Ref. a pagamento de taxa condominial,1822.08
2025-01,2.10.2 Honorarios de Cobranças Jurídicas,994.57
2025-01,2.10.3 Assessoria Jurídica Serviços advocatícios,4950.0
2025-01,2.11.1 Desp. c- Boletos Bancarios,832.0
2025-01,2.11.1 Desp. c- Boletos Bancarios (venc. 11 /2024),8.0
2025-01,2.11.1 Desp. c- Boletos Bancarios (venc. 12 /2024),92.0
2025-01,2.12.1 Móveis e Utensílios Conjunto de 1 mesa com 4 cadeiras,809.7
2025-01,2.12.1 Móveis e Utensílios Ducha de alumínio,115.0
2025-01,2.12.1 Móveis e Utensílios Escada articulada,539.9
2025-01,2.12.1 Móveis e Utensílios Espelho convexo e lixeira,452.5
2025-01,"2.7.2 Material de Limpeza Piscina Hiperclor, algicida, pastilha, clear gel,",696.0
2025-01,2.7.3 Material Para Manutenção Elétrica Duto subterrâneo,63.93
2025-01,2.6.3 Telefone-Internet Período de 26/11/2024 a 04/12/2024,20.96
2025-01,2.8.5 Despesas com Chaveiro 14 cópias e 1 cópia de chave gorje,195.0
2025-01,2.12.1 Móveis e Utensílios Conjunto de 1 mesa com 4 cadeiras,279.9
2025-01,2.12.1 Móveis e Utensílios Conjunto de 1 mesa com 4 cadeiras,529.8
2025-01,2.12.1 Móveis e Utensílios 3 grelhas inox,612.0
2025-01,2.12.9 Containers Container e carro coletor,2065.33
2025-01,2.4.7 Serviços de Administração de Condomínio Ref. 12/2024,4200.0
2025-01,2.12.1 Móveis e Utensílios Escada articulada,539.9
2025-01,2.7.12 Material-Equipamento Controle de Acesso Pulseira maxxi bands,170.0
2025-01,2.8.21 Manutenção das Instalações Manutenção de ombrelones,250.0
2025-01,2.12.1 Móveis e Utensílios Ducha de alumínio,115.0
2025-01,"2.7.6 Material p- Consertos e Reparos Cadeado latão, broca, espanador,",337.43
2025-01,2.6.1 Energia Elétrica Ref. 12/2024 (Clube),2550.89
2025-01,2.4.21 Remuneração Síndico Ref. 12/2024,4200.0
2025-01,2.6.2 Água e Esgoto Ref. 12/2024,16258.2
2025-01,"2.7.4 Materiais de Limpeza e consumo Escova, papel hig., esponja, sabonete,",757.53
2025-01,2.8.18 Manutenção e Limpeza da Piscina Ref. 12/2024,600.0
2025-01,2.11.1 Desp. c- Boletos Bancarios,12.0
2025-01,2.5.1 INSS Retido de prestadores de serviços FORNECEDOR / PRESTADOR DE SERVIÇOS,275.0
2025-01,2.5.1 INSS Retido de prestadores de serviços 1703,550.0
2025-01,2.5.1 INSS Retido de prestadores de serviços FORNECEDOR / PRESTADOR DE SERVIÇOS,1226.5
2025-01,2.6.1 Energia Elétrica Ref. 01/2025 (Portaria),1290.59
2025-01,2.5.1 INSS Retido de prestadores de serviços 1702,2453.0
2025-01,2.9.9 Cópias e Autenticações Notificação e envelope 18/12/2024,8.45
2025-01,2.6.3 Telefone-Internet Período de 05/12/2024 a 04/01/2025,80.46
2025-01,2.10.3 Assessoria Jurídica Serviços advocatícios,4950.0
2025-01,2.9.18 Ressarcimento de Despesa Ref. a pagamento de taxa condominial,303.68
2025-01,"2.7.3 Material Para Manutenção Elétrica Cabo pp, tomada e plugue",100.0
2025-01,2.12.9 Containers Contentor 1000L,1990.0
2025-01,2.4.1 Portaria Vigilância e Controle Acesso Investimento equipamentos ref.,2300.0
2025-01,2.4.5 Auxiliar de Manutenção Manutenção e jardinagem ref. 12/2024,9450.0
2025-01,2.4.1 Portaria Vigilância e Controle Acesso Ref. 12/2024,42147.0
2025-01,2.9.18 Ressarcimento de Despesa Ref. a pagamento de taxa condominial,303.68
2025-01,2.9.10 Encadernações e Materias Graficos Impressão e encadernação da pasta,182.0
2025-01,2.9.18 Ressarcimento de Despesa Ref. a pagamento de taxa condominial,303.68
2025-01,2.9.18 Ressarcimento de Despesa Ref. a pagamento de taxa condominial,303.68
2025-01,2.9.18 Ressarcimento de Despesa Ref. a pagamento de taxa condominial,303.68
2025-01,2.10.2 Honorarios de Cobranças Jurídicas,994.57
2025-01,2.9.18 Ressarcimento de Despesa Ref. a pagamento de taxa condominial,303.68
2025-01,2.9.10 Encadernações e Materias Graficos Serviços gráficos,177.0
2025-06,1.1.1 Taxa de Condominio,87817.8
2025-06,1.1.1 Taxa de Condominio (venc. 5 /2025),7065.8
2025-06,1.1.1 Taxa de Condominio Pagto realizado com a administradora,298.45
2025-06,1.1.5 Taxa de Água,15918.25
2025-06,1.1.5 Taxa de Água (venc. 5 /2025),1278.56
2025-06,1.1.8 Encargos de Cobrança,31.32
2025-06,1.1.14 Homologação Acordo Extrajudicial,11464.61
2025-06,1.1.14 Homologação Acordo Extrajudicial (venc. 4 /2025),455.52
2025-06,1.1.20 Multas Juros e Correções,577.56
2025-06,1.1.20 Multas Juros e Correções (venc. 4 /2025),13.95
2025-06,1.1.20 Multas Juros e Correções (venc. 5 /2025),217.46
2025-06,1.1.29 Atualização Monetária,56.19
2025-06,1.1.29 Atualização Monetária (venc. 4 /2025),4.49
2025-06,1.2.1 Taxas Fundo de Reserva,4391.76
2025-06,1.2.1 Taxas Fundo de Reserva (venc. 5 /2025),353.36
2025-06,1.2.51 Feira,154.0
2025-06,1.4.1 Rendimento de Aplicação,274.18
2025-06,2.4.1 Portaria Vigilância e Controle Acesso Investimento equipamentos ref. 05/2025,2300.0
2025-06,2.4.1 Portaria Vigilância e Controle Acesso Ref. 05/2025,48116.48
2025-06,2.4.3 Limpeza Higienização em purificador de água,100.0
2025-06,2.4.5 Auxiliar de Manutenção Limpeza e jardinagem ref. 05/2025,19407.6
2025-06,2.4.7 Serviços de Administração de Condomínio Ref. 05/2025,4200.0
2025-06,"2.4.19 Contratos - Manutenção Elétrica Manutenção elétrica, portaria e o controle de acesso",1280.0
2025-06,2.4.21 Remuneração Síndico Ref. 05/2025,4200.0
2025-06,2.5.1 INSS Retido de prestadores de serviços FORNECEDOR / PRESTADOR DE SERVIÇOS,1188.0
2025-06,2.5.1 INSS Retido de prestadores de serviços FORNECEDOR / PRESTADOR DE SERVIÇOS,2945.36
2025-06,2.5.1 INSS Retido de prestadores de serviços FORNECEDOR / PRESTADOR DE SERVIÇOS,1188.0
2025-06,2.5.1 INSS Retido de prestadores de serviços FORNECEDOR / PRESTADOR DE SERVIÇOS,2945.36
2025-06,2.5.1 INSS Retido de prestadores de serviços Help Soluções Ambientais Ltda 9865,159.5
2025-06,2.5.2 PCC Retido FORNECEDOR / PRESTADOR DE SERVIÇOS,1004.4
2025-06,2.5.2 PCC Retido FORNECEDOR / PRESTADOR DE SERVIÇOS,2490.17
2025-06,2.5.2 PCC Retido FORNECEDOR / PRESTADOR DE SERVIÇOS,1004.4
2025-06,2.5.2 PCC Retido FORNECEDOR / PRESTADOR DE SERVIÇOS,2490.17
2025-06,2.6.1 Energia Elétrica Ref. 05/2025 (Clube),2592.34
2025-06,2.6.1 Energia Elétrica Ref. 06/2025 (Estação elevatório esgoto),761.98
2025-06,2.6.1 Energia Elétrica Ref. 06/2025 (Portaria),2107.42
2025-06,2.6.2 Água e Esgoto Ref. 05/2025,16258.2
2025-06,2.6.3 Telefone-Internet Período de 05/05/2025 a 04/06/2025,79.98
2025-06,2.7.3 Material Para Manutenção Elétrica Timer digital,91.38
2025-06,"2.7.4 Materiais de Limpeza e consumo Pedra sanitária, papel higiênico, saco de lixo, removedor, etc.",633.12
2025-06,"2.7.6 Material p- Consertos e Reparos Barras de apoio e placas (Itamar/Home e Lumina - valor de R$13,00",389.03
2025-06,2.7.6 Material p- Consertos e Reparos Chapa lisa,175.8
2025-06,"2.7.6 Material p- Consertos e Reparos Fz inox, e trinco união",261.41
2025-06,2.7.6 Material p- Consertos e Reparos Silicone para esteira,100.0
2025-06,2.7.6 Material p- Consertos e Reparos Tampa b lobo,122.0
2025-06,2.7.10 Aluguel de Caçamba 1 caçamba,340.0
2025-06,2.8.4 Serviços de Serralheria Reforço de soldas na traves dos gol e chapa de proteção nas botoeiras,840.0
2025-06,2.8.7 Dedetizações em Geral Controle integrado de pragas,1290.5
2025-06,2.8.13 Manutenção Ar Condicionado Limpeza e higienização do ar,190.0
2025-06,2.8.18 Manutenção e Limpeza da Piscina Ref. 05/2025,600.0
2025-06,"2.8.21 Manutenção das Instalações Acompanhamento técnico, orientação e art - reembolso",290.0
2025-06,2.8.21 Manutenção das Instalações Granito,305.0
2025-06,2.9.9 Cópias e Autenticações Impressões preto e branco,34.62
2025-06,2.9.9 Cópias e Autenticações Notificações e envelopes,3.1
2025-06,2.9.10 Encadernações e Materias Graficos Ref. 05/2025,296.0
2025-06,2.10.2 Honorarios de Cobranças Jurídicas,2358.52
2025-06,2.10.3 Assessoria Jurídica Ref. 05/2025,4950.0
2025-06,2.11.1 Desp. c- Boletos Bancarios,1396.0
2025-06,2.11.1 Desp. c- Boletos Bancarios (venc. 5 /2025),112.0
2025-06,2.4.7 Serviços de Administração de Condomínio Ref. 05/2025,4200.0
2025-06,"2.7.6 Material p- Consertos e Reparos Fz inox, e trinco união",261.41
2025-06,2.8.21 Manutenção das Instalações Granito,305.0
2025-06,2.4.21 Remuneração Síndico Ref. 05/2025,4200.0
2025-06,2.7.6 Material p- Consertos e Reparos Barras de apoio e placas (Itamar/Home,389.03
2025-06,"2.7.3 Material Para Manutenção Elétrica Bucha, cabo pp, centrinho, cinta, led",891.23
2025-06,2.9.9 Cópias e Autenticações Impressões preto e branco,34.62
2025-06,2.6.2 Água e Esgoto Ref. 05/2025,16258.2
2025-06,"2.8.21 Manutenção das Instalações Acompanhamento técnico, orientação e",290.0
2025-06,2.8.3 Seguro Condominial,481.9
2025-06,2.6.1 Energia Elétrica Ref. 05/2025 (Clube),2592.34
2025-06,2.8.13 Manutenção Ar Condicionado Limpeza e higienização do ar,190.0
2025-06,2.6.1 Energia Elétrica Ref. 06/2025 (Estação elevatório,761.98
2025-06,2.8.4 Serviços de Serralheria Reforço de soldas na traves dos gol e,840.0
2025-06,2.12.9 Containers Contentor 1Unidade XXX grafite e verde,1990.0
2025-06,2.6.1 Energia Elétrica Ref. 06/2025 (Portaria),2107.42
2025-06,2.7.6 Material p- Consertos e Reparos Chapa lisa,175.8
2025-06,2.7.3 Material Para Manutenção Elétrica Timer digital,91.38
2025-06,"2.7.3 Material Para Manutenção Elétrica Cabinho flex, cabo pp, disjuntor, plug,",288.6
2025-06,"2.7.6 Material p- Consertos e Reparos Malathion, fita isolante, pilha, tesoura,",505.44
2025-06,2.10.3 Assessoria Jurídica Ref. 05/2025,4950.0
2025-06,2.7.6 Material p- Consertos e Reparos Silicone para esteira,100.0
2025-06,2.7.10 Aluguel de Caçamba 1 caçamba,340.0
2025-06,2.8.18 Manutenção e Limpeza da Piscina Ref. 05/2025,600.0
2025-06,2.5.1 INSS Retido de prestadores de serviços Help Soluções Ambientais Ltda 9865,159.5
2025-06,2.9.10 Encadernações e Materias Graficos Ref. 05/2025,296.0
2025-06,2.9.9 Cópias e Autenticações Notificações e envelopes,3.1
2025-06,2.5.2 PCC Retido FORNECEDOR / PRESTADOR DE SERVIÇOS,1004.4
2025-06,2.5.2 PCC Retido FORNECEDOR / PRESTADOR DE SERVIÇOS,1004.4
2025-06,2.5.1 INSS Retido de prestadores de serviços FORNECEDOR / PRESTADOR DE SERVIÇOS,1188.0
2025-06,2.5.1 INSS Retido de prestadores de serviços FORNECEDOR / PRESTADOR DE SERVIÇOS,1188.0
2025-06,2.5.2 PCC Retido FORNECEDOR / PRESTADOR DE SERVIÇOS,2490.17
2025-06,2.5.2 PCC Retido FORNECEDOR / PRESTADOR DE SERVIÇOS,2490.17
2025-06,2.5.1 INSS Retido de prestadores de serviços FORNECEDOR / PRESTADOR DE SERVIÇOS,2945.36
2025-06,2.5.1 INSS Retido de prestadores de serviços FORNECEDOR / PRESTADOR DE SERVIÇOS,2945.36
2025-06,2.6.3 Telefone-Internet Período de 05/05/2025 a 04/06/2025,79.98
2025-06,2.4.3 Limpeza Higienização em purificador de água,100.0
2025-06,2.7.6 Material p- Consertos e Reparos Tampa b lobo,122.0
2025-06,"2.12.1 Móveis e Utensílios Ventilador de parede, cabo pp e led",386.05
2025-06,2.4.1 Portaria Vigilância e Controle Acesso Investimento equipamentos ref.,2300.0
2025-06,2.4.5 Auxiliar de Manutenção Limpeza e jardinagem ref. 05/2025,19407.6
2025-06,2.4.1 Portaria Vigilância e Controle Acesso Ref. 05/2025,48116.48
2025-06,"2.7.4 Materiais de Limpeza e consumo Pedra sanitária, papel higiênico, saco",633.12
2025-06,"2.7.3 Material Para Manutenção Elétrica Tv supor., inpol pvc, led refletor,",317.95
2025-06,"2.4.19 Contratos - Manutenção Elétrica Manutenção elétrica, portaria e o",1280.0
2025-06,2.10.2 Honorarios de Cobranças Jurídicas,2358.52
2025-06,2.8.7 Dedetizações em Geral Controle integrado de pragas,1290.5
2025-05,1.1.1 Taxa de Condominio,91603.05
2025-05,1.1.1 Taxa de Condominio (venc. 4 /2025),6813.45
2025-05,1.1.5 Taxa de Água,15502.07
2025-05,1.1.5 Taxa de Água (venc. 4 /2025),1131.34
2025-05,1.1.8 Encargos de Cobrança,31.41
2025-05,1.1.8 Encargos de Cobrança (venc. 4 /2025),31.33
2025-05,1.1.14 Homologação Acordo Extrajudicial,4202.68
2025-05,1.1.14 Homologação Acordo Extrajudicial (venc. 4 /2025),303.68
2025-05,1.1.20 Multas Juros e Correções,433.66
2025-05,1.1.20 Multas Juros e Correções (venc. 4 /2025),231.18
2025-05,1.1.29 Atualização Monetária,40.23
2025-05,1.2.1 Taxas Fundo de Reserva,4581.06
2025-05,1.2.1 Taxas Fundo de Reserva (venc. 4 /2025),340.74
2025-05,1.2.51 Feira,210.5
2025-05,1.4.1 Rendimento de Aplicação,232.72
2025-05,2.4.1 Portaria Vigilância e Controle Acesso Investimento equipamentos ref. 04/2025,2300.0
2025-05,2.4.1 Portaria Vigilância e Controle Acesso Ref. 04/2025,48116.48
2025-05,2.4.5 Auxiliar de Manutenção Limpeza e jardinagem ref. 04/2025,19407.6
2025-05,2.4.7 Serviços de Administração de Condomínio Ref. 04/2025,4200.0
2025-05,"2.4.19 Contratos - Manutenção Elétrica Elétrica, portaria e controle de acesso",1280.0
2025-05,2.4.21 Remuneração Síndico Ref. 04/2025,4200.0
2025-05,2.5.1 INSS Retido de prestadores de serviços Help Soluções Ambientais Ltda,159.5
2025-05,2.6.1 Energia Elétrica Ref. 04/2025 (Clube),2449.25
2025-05,2.6.1 Energia Elétrica Ref. 05/2025 (Estação elevatório esgoto),574.66
2025-05,2.6.1 Energia Elétrica Ref. 05/2025 (Portaria),2248.71
2025-05,2.6.2 Água e Esgoto Ref. 04/2025,16258.2
2025-05,2.6.3 Telefone-Internet Período de 05/04/2025 a 04/05/2025,79.98
2025-05,2.7.1 Tintas e Materiais para Pintura Fita crepe,50.0
2025-05,"2.7.2 Material de Limpeza Piscina Cloro, maresias, ph estável, barrilha e fita",453.0
2025-05,"2.7.3 Material Para Manutenção Elétrica Inpol pvc eletroduto, caixa multiuso, plugue, centrinho, etc.",145.93
2025-05,2.7.3 Material Para Manutenção Elétrica Luminária led,289.9
2025-05,"2.7.4 Materiais de Limpeza e consumo Pedra sanitária, esponja, cabo vassoura, sabão, etc.",286.82
2025-05,2.7.6 Material p- Consertos e Reparos Cimento e areia,64.93
2025-05,"2.7.6 Material p- Consertos e Reparos Kit 24 ganchos, adesivo e suporte celular (Eric gustavo / C.M.C",88.82
2025-05,"2.7.6 Material p- Consertos e Reparos Luva, adaptador e registro gaveta",509.85
2025-05,2.7.6 Material p- Consertos e Reparos Válvula retenção mar,61.98
2025-05,2.8.7 Dedetizações em Geral Controle integrado de pragas,1290.5
2025-05,2.8.18 Manutenção e Limpeza da Piscina Ref. 04/2025,600.0
2025-05,"2.8.21 Manutenção das Instalações Concretagem atrás e lateral da portaria, instalação de porta, requadro e",1600.0
2025-05,"2.8.21 Manutenção das Instalações Concretagem de base de bebedouro no club, instalação hidraulica,",1600.0
2025-05,2.9.9 Cópias e Autenticações Notificações e envelopes,31.35
2025-05,2.9.10 Encadernações e Materias Graficos Ref. 04/2025,296.0
2025-05,"2.9.15 Festas e Eventos no Condomínio 200 metros bandeirinha, fundo fotográfico e toalha xadrez (Valter",149.84
2025-05,2.10.1 Repasse de Encargos de Cobrança Ref. 04/2025,62.45
2025-05,2.10.2 Honorarios de Cobranças Jurídicas Ref. a prestação de conta 05/2025,768.62
2025-05,2.10.3 Assessoria Jurídica Ref. 04/2025,4950.0
2025-05,2.11.1 Desp. c- Boletos Bancarios,1456.0
2025-05,2.11.1 Desp. c- Boletos Bancarios (venc. 4 /2025),112.0
2025-05,"2.12.6 Equipamentos p- Playground e Quadra Instalação de rede de proteção para teto quadra , campo e 4",3000.0
2025-05,"2.12.6 Equipamentos p- Playground e Quadra Instalação de rede de proteção para teto quadra , campo e 4",7000.0
2025-05,"2.7.6 Material p- Consertos e Reparos Luva, adaptador e registro gaveta",509.85
2025-05,2.4.21 Remuneração Síndico Ref. 04/2025,4200.0
2025-05,2.4.7 Serviços de Administração de Condomínio Ref. 04/2025,4200.0
2025-05,2.7.6 Material p- Consertos e Reparos Válvula retenção mar,61.98
2025-05,2.7.6 Material p- Consertos e Reparos Cimento e areia,64.93
2025-05,"2.7.3 Material Para Manutenção Elétrica Bucha, cabo pp, centrinho, cinta, led",891.23
2025-05,2.12.6 Equipamentos p- Playground e Quadra Instalação de rede de proteção para,3000.0
2025-05,2.8.3 Seguro Condominial,481.9
2025-05,2.8.21 Manutenção das Instalações Concretagem atrás e lateral da,1600.0
2025-05,2.8.21 Manutenção das Instalações Concretagem de base de bebedouro,1600.0
2025-05,2.6.2 Água e Esgoto Ref. 04/2025,16258.2
2025-05,2.6.1 Energia Elétrica Ref. 04/2025 (Clube),2449.25
2025-05,2.12.9 Containers Contentor 1Unidade XXX grafite e verde,1990.0
2025-05,2.12.6 Equipamentos p- Playground e Quadra Instalação de rede de proteção para,7000.0
2025-05,2.6.1 Energia Elétrica Ref. 05/2025 (Estação elevatório,574.66
2025-05,2.6.1 Energia Elétrica Ref. 05/2025 (Portaria),2248.71
2025-05,2.10.1 Repasse de Encargos de Cobrança Ref. 04/2025,62.45
2025-05,"2.7.3 Material Para Manutenção Elétrica Cabinho flex, cabo pp, disjuntor, plug,",288.61
2025-05,2.8.18 Manutenção e Limpeza da Piscina Ref. 04/2025,600.0
2025-05,2.10.3 Assessoria Jurídica Ref. 04/2025,4950.0
2025-05,2.5.1 INSS Retido de prestadores de serviços Help Soluções Ambientais Ltda,159.5
2025-05,"2.4.19 Contratos - Manutenção Elétrica Elétrica, portaria e controle de acesso",1280.0
2025-05,2.9.9 Cópias e Autenticações Notificações e envelopes,4.9
2025-05,2.4.1 Portaria Vigilância e Controle Acesso Investimento equipamentos ref.,2300.0
2025-05,2.4.1 Portaria Vigilância e Controle Acesso Ref. 04/2025,48116.48
2025-05,2.4.5 Auxiliar de Manutenção Limpeza e jardinagem ref. 04/2025,19407.6
2025-05,2.6.3 Telefone-Internet Período de 05/04/2025 a 04/05/2025,79.98
2025-05,"2.12.1 Móveis e Utensílios Ventilador de parede, cabo pp e led",386.05
2025-05,"2.7.6 Material p- Consertos e Reparos Kit 24 ganchos, adesivo e suporte",88.82
2025-05,"2.7.4 Materiais de Limpeza e consumo Pedra sanitária, esponja, cabo",286.82
2025-05,2.10.2 Honorarios de Cobranças Jurídicas Ref. a prestação de conta 05/2025,768.62
2025-05,"2.7.2 Material de Limpeza Piscina Cloro, maresias, ph estável, barrilha e",453.0
2025-05,"2.9.15 Festas e Eventos no Condomínio 200 metros bandeirinha, fundo",149.84
2025-05,2.7.3 Material Para Manutenção Elétrica Luminária led,289.9
2025-05,2.8.7 Dedetizações em Geral Controle integrado de pragas,1290.5
2025-05,2.7.1 Tintas e Materiais para Pintura Fita crepe,50.0
2025-05,"2.7.3 Material Para Manutenção Elétrica Inpol pvc eletroduto, caixa multiuso,",145.93
2025-05,2.9.10 Encadernações e Materias Graficos Ref. 04/2025,296.0
2025-05,2.9.9 Cópias e Autenticações Notificações e envelopes,26.45
2025-07,1.1.1 Taxa de Condominio,89836.6
2025-07,1.1.1 Taxa de Condominio (venc. 6 /2025),9336.95
2025-07,1.1.1 Taxa de Condominio (venc. 8 /2025),1514.1
2025-07,1.1.5 Taxa de Água,16681.92
2025-07,1.1.5 Taxa de Água (venc. 6 /2025),1623.02
2025-07,1.1.5 Taxa de Água (venc. 8 /2025),262.38
2025-07,1.1.8 Encargos de Cobrança,32.5
2025-07,1.1.14 Homologação Acordo Extrajudicial,10718.12
2025-07,1.1.14 Homologação Acordo Extrajudicial (venc. 8 /2025),909.52
2025-07,1.1.20 Multas Juros e Correções,494.41
2025-07,1.1.20 Multas Juros e Correções (venc. 6 /2025),283.59
2025-07,1.1.29 Atualização Monetária,29.85
2025-07,1.1.29 Atualização Monetária (venc. 8 /2025),1.75
2025-07,1.2.1 Taxas Fundo de Reserva,4492.72
2025-07,1.2.1 Taxas Fundo de Reserva (venc. 6 /2025),466.94
2025-07,1.2.1 Taxas Fundo de Reserva (venc. 8 /2025),75.72
2025-07,1.2.3 Taxas Extras Sinalização viária - Parc. 1/18,5510.88
2025-07,1.2.3 Taxas Extras Sinalização viária - Parc. 2/18 (venc. 8 /2025),92.88
2025-07,1.2.51 Feira,175.0
2025-07,1.4.1 Rendimento de Aplicação,373.49
2025-07,2.4.1 Portaria Vigilância e Controle Acesso Investimento equipamentos ref. 06/2025,2300.0
2025-07,2.4.1 Portaria Vigilância e Controle Acesso Ref. 06/2025,48116.48
2025-07,2.4.3 Limpeza Ref. 06/2025,19407.6
2025-07,2.4.7 Serviços de Administração de Condomínio Ref. 06/2025,4200.0
2025-07,"2.4.19 Contratos - Manutenção Elétrica Manutenção elétrica, portaria e controle de acesso",1280.0
2025-07,2.4.21 Remuneração Síndico Ref. 06/2025,4200.0
2025-07,2.5.1 INSS Retido de prestadores de serviços FORNECEDOR / PRESTADOR DE SERVIÇOS,4133.36
2025-07,2.5.1 INSS Retido de prestadores de serviços Help Soluções Ambientais Ltda,159.5
2025-07,2.5.2 PCC Retido FORNECEDOR / PRESTADOR DE SERVIÇOS,3494.57
2025-07,2.6.1 Energia Elétrica Ref. 06/2025 (Clube),2602.75
2025-07,2.6.1 Energia Elétrica Ref. 07/2025,491.95
2025-07,2.6.1 Energia Elétrica Ref. 07/2025 (Portaria),2648.16
2025-07,2.6.2 Água e Esgoto Ref. 06/2025,16258.2
2025-07,2.6.3 Telefone-Internet Período de 05/06/2025 a 04/07/2025,79.98
2025-07,2.6.4 Gás Liquefeito de petróleo,115.0
2025-07,2.7.1 Tintas e Materiais para Pintura Fita crepe e empac,86.9
2025-07,"2.7.1 Tintas e Materiais para Pintura Rolo, refis, kit pintura, fita crepe e tinta",403.34
2025-07,2.7.2 Material de Limpeza Piscina Ralo e antiturbilhão,225.0
2025-07,2.7.3 Material Para Manutenção Elétrica Margir. cs301 e conector,52.39
2025-07,2.7.4 Materiais de Limpeza e consumo Bobina fundo estrela,167.28
2025-07,2.7.6 Material p- Consertos e Reparos Bandeirinhas + frete,54.51
2025-07,2.7.10 Aluguel de Caçamba 1 caçamba,340.0
2025-07,2.7.18 Frete 1 tampa artefato de cimento,100.0
2025-07,2.8.4 Serviços de Serralheria Fabricação e instalação de suporte para dois monitores,550.0
2025-07,2.8.6 Manutenção de Maquinas e Equipamentos Compra de peça para manutenção de equipamentos fitness,160.0
2025-07,"2.8.6 Manutenção de Maquinas e Equipamentos Limpeza, lubrificação e vistoria dos equipamentos fitness",180.0
2025-07,2.8.6 Manutenção de Maquinas e Equipamentos equipamentos fitness,890.0
2025-07,2.8.7 Dedetizações em Geral Controle integrado de pragas,1290.5
2025-07,2.8.15 Manutenções Elétricas Manutenção de iluminação + fornecimento de material,175.0
2025-07,2.8.18 Manutenção e Limpeza da Piscina Ref. 06/2025,600.0
2025-07,2.8.18 Manutenção e Limpeza da Piscina Troca de ralo,350.0
2025-07,"2.8.21 Manutenção das Instalações Manutenção corretiva na estação elevatório (limpeza das bombas, cesto e",3104.0
2025-07,2.9.8 Material de Escritório Leitor de código de barras,106.4
2025-07,2.9.9 Cópias e Autenticações Cópias adm,110.0
2025-07,2.9.9 Cópias e Autenticações Cópias adm - boletos e notas 01 a 06/2025,312.0
2025-07,2.9.10 Encadernações e Materias Graficos Ref. 05/2025 (dif.),32.0
2025-07,2.9.10 Encadernações e Materias Graficos Ref. 06/2025,320.0
2025-07,2.10.1 Repasse de Encargos de Cobrança Ref. 06/2025,31.32
2025-07,2.10.2 Honorarios de Cobranças Jurídicas Ref. a prestação de conta 07/2025,2442.7
2025-07,2.10.3 Assessoria Jurídica Ref. 06/2025,4950.0
2025-07,2.11.1 Desp. c- Boletos Bancarios,1440.0
2025-07,2.11.1 Desp. c- Boletos Bancarios (venc. 6 /2025),148.0
2025-07,2.11.1 Desp. c- Boletos Bancarios (venc. 8 /2025),24.0
2025-07,2.11.2 Despesas Bancarias DÉBITO PACOTE SERVIÇOS,44.74
2025-07,2.12.1 Móveis e Utensílios ref. juros,0.13
2025-07,2.12.2 Maquinas e Equipamentos Colchonete elásticos e colchonete caneleira,216.09
2025-07,2.12.6 Equipamentos p- Playground e Quadra Rede de vôlei,137.77
2025-07,2.11.2 Despesas Bancarias DÉBITO PACOTE SERVIÇOS,44.74
2025-07,2.9.8 Material de Escritório Leitor de código de barras,106.4
2025-07,2.7.2 Material de Limpeza Piscina Ralo e antiturbilhão,225.0
2025-07,2.8.18 Manutenção e Limpeza da Piscina Troca de ralo,350.0
2025-07,"2.8.6 Manutenção de Maquinas e Equipamentos Limpeza, lubrificação e vistoria dos",180.0
2025-07,2.7.4 Materiais de Limpeza e consumo Bobina fundo estrela,167.28
2025-07,2.4.7 Serviços de Administração de Condomínio Ref. 06/2025,4200.0
2025-07,2.4.21 Remuneração Síndico Ref. 06/2025,4200.0
2025-07,2.8.6 Manutenção de Maquinas e Equipamentos Compra de peça para manutenção de,160.0
2025-07,2.8.15 Manutenções Elétricas Manutenção de iluminação +,175.0
2025-07,"2.7.3 Material Para Manutenção Elétrica Bucha, cabo pp, centrinho, cinta, led",891.23
2025-07,2.6.2 Água e Esgoto Ref. 06/2025,16258.2
2025-07,2.7.18 Frete 1 tampa artefato de cimento,100.0
2025-07,2.9.10 Encadernações e Materias Graficos Ref. 05/2025 (dif.),32.0
2025-07,2.6.1 Energia Elétrica Ref. 06/2025 (Clube),2602.75
2025-07,2.7.1 Tintas e Materiais para Pintura Fita crepe e empac,86.9
2025-07,2.6.1 Energia Elétrica Ref. 07/2025,491.95
2025-07,2.6.1 Energia Elétrica Ref. 07/2025 (Portaria),2648.16
2025-07,2.8.21 Manutenção das Instalações Manutenção corretiva na estação,3104.0
2025-07,2.12.6 Equipamentos p- Playground e Quadra Rede de vôlei,137.77
2025-07,"2.7.6 Material p- Consertos e Reparos Malathion, fita isolante, pilha, tesoura,",505.43
2025-07,2.8.4 Serviços de Serralheria Fabricação e instalação de suporte,550.0
2025-07,2.10.3 Assessoria Jurídica Ref. 06/2025,4950.0
2025-07,2.5.1 INSS Retido de prestadores de serviços Help Soluções Ambientais Ltda,159.5
2025-07,2.12.2 Maquinas e Equipamentos Colchonete elásticos e colchonete,216.09
2025-07,2.7.10 Aluguel de Caçamba 1 caçamba,340.0
2025-07,2.5.2 PCC Retido FORNECEDOR / PRESTADOR DE SERVIÇOS,1004.4
2025-07,2.5.1 INSS Retido de prestadores de serviços FORNECEDOR / PRESTADOR DE SERVIÇOS,1188.0
2025-07,2.5.2 PCC Retido FORNECEDOR / PRESTADOR DE SERVIÇOS,2490.17
2025-07,2.5.1 INSS Retido de prestadores de serviços FORNECEDOR / PRESTADOR DE SERVIÇOS,2945.36
2025-07,2.10.1 Repasse de Encargos de Cobrança Ref. 06/2025,31.32
2025-07,2.7.6 Material p- Consertos e Reparos Bandeirinhas + frete,54.51
2025-07,2.6.4 Gás Liquefeito de petróleo,115.0
2025-07,2.9.10 Encadernações e Materias Graficos Ref. 06/2025,320.0
2025-07,2.9.9 Cópias e Autenticações Cópias adm,110.0
2025-07,2.8.18 Manutenção e Limpeza da Piscina Ref. 06/2025,600.0
2025-07,"2.7.3 Material Para Manutenção Elétrica Bucha, cano pp, conector, duto, inpol",780.75
2025-07,"2.4.19 Contratos - Manutenção Elétrica Manutenção elétrica, portaria e controle",1280.0
2025-07,2.6.3 Telefone-Internet Período de 05/06/2025 a 04/07/2025,79.98
2025-07,2.9.9 Cópias e Autenticações Cópias adm - boletos e notas 01 a,312.0
2025-07,2.7.3 Material Para Manutenção Elétrica Margir. cs301 e conector,52.39
2025-07,"2.7.3 Material Para Manutenção Elétrica Tv supor., inpol pvc, led refletor,",317.95
2025-07,"2.12.1 Móveis e Utensílios Ventilador de parede, cabo pp e led",386.05
2025-07,2.12.1 Móveis e Utensílios ref. juros,0.13
2025-07,2.8.6 Manutenção de Maquinas e Equipamentos equipamentos fitness,890.0
2025-07,2.4.1 Portaria Vigilância e Controle Acesso Investimento equipamentos ref.,2300.0
2025-07,2.4.3 Limpeza Ref. 06/2025,19407.6
2025-07,2.4.1 Portaria Vigilância e Controle Acesso Ref. 06/2025,48116.48
2025-07,2.8.7 Dedetizações em Geral Controle integrado de pragas,1290.5
2025-07,"2.7.1 Tintas e Materiais para Pintura Rolo, refis, kit pintura, fita crepe e tinta",403.34
2025-07,2.10.2 Honorarios de Cobranças Jurídicas Ref. a prestação de conta 07/2025,2442.7
2025-03,1.1.1 Taxa de Condominio,89079.55
2025-03,1.1.1 Taxa de Condominio (venc. 2 /2025),9336.95
2025-03,1.1.4 Taxa de Água (venc. 2 /2025),38.71
2025-03,1.1.5 Taxa de Água,15082.01
2025-03,1.1.5 Taxa de Água (venc. 2 /2025),1482.39
2025-03,1.1.7 Ressarcimento de Despesas Reembolso realizado pela FORNECEDOR / PRESTADOR DE SERVIÇOS,209.2
2025-03,1.1.7 Ressarcimento de Despesas Ressarcimento construtora magnum ref. a pagamento do saae,7200.06
2025-03,1.1.8 Encargos de Cobrança,62.94
2025-03,1.1.8 Encargos de Cobrança (venc. 2 /2025),62.68
2025-03,1.1.14 Homologação Acordo Extrajudicial,20645.07
2025-03,1.1.14 Homologação Acordo Extrajudicial (venc. 2 /2025),1822.08
2025-03,1.1.20 Multas Juros e Correções,662.48
2025-03,1.1.20 Multas Juros e Correções (venc. 2 /2025),306.75
2025-03,1.1.29 Atualização Monetária,87.39
2025-03,1.1.29 Atualização Monetária (venc. 2 /2025),4.49
2025-03,1.1.60 Taxas Pagas a Maior,276.78
2025-03,1.2.1 Taxas Fundo de Reserva,4454.86
2025-03,1.2.1 Taxas Fundo de Reserva (venc. 2 /2025),466.94
2025-03,1.2.51 Feira,28.0
2025-03,1.4.1 Rendimento de Aplicação,103.41
2025-03,2.4.1 Portaria Vigilância e Controle Acesso Investimento equipamentos ref. 02/2025,2300.0
2025-03,2.4.1 Portaria Vigilância e Controle Acesso Ref. 02/2025,43278.95
2025-03,2.4.5 Auxiliar de Manutenção Limpeza e jardinagem ref. 02/2025,12938.4
2025-03,2.4.7 Serviços de Administração de Condomínio Ref. 02/2025,4200.0
2025-03,2.4.13 Controle de Acesso da Piscina Pulseira,170.0
2025-03,2.4.21 Remuneração Síndico Ref. 02/2025,4200.0
2025-03,2.5.1 INSS Retido de prestadores de serviços FORNECEDOR / PRESTADOR DE SERVIÇOS,594.0
2025-03,2.5.1 INSS Retido de prestadores de serviços FORNECEDOR / PRESTADOR DE SERVIÇOS,1324.62
2025-03,2.5.1 INSS Retido de prestadores de serviços Help Soluções Ambientais Ltda 9288,159.5
2025-03,2.6.1 Energia Elétrica Ref. 02/2025 (Clube),2265.78
2025-03,2.6.1 Energia Elétrica Ref. 03/2025 (Estação elevatória esgoto),559.17
2025-03,2.6.1 Energia Elétrica Ref. 03/2025 (Portaria),1624.53
2025-03,2.6.2 Água e Esgoto Ref. 02/2025,16258.2
2025-03,2.6.3 Telefone-Internet Período de 05/02 a 04/03/2025,79.98
2025-03,"2.7.2 Material de Limpeza Piscina Cloro, maresias e algicida",687.0
2025-03,"2.7.2 Material de Limpeza Piscina Cloro, maresias, ph estável, algicida, etc.",963.0
2025-03,2.7.2 Material de Limpeza Piscina Degrau libra inox,392.0
2025-03,"2.7.4 Materiais de Limpeza e consumo Pedra sanitária, esponja, pano, sulfite, sabão, etc.",608.72
2025-03,2.7.4 Materiais de Limpeza e consumo Suporte de parede bobina cata caca,458.4
2025-03,"2.7.6 Material p- Consertos e Reparos Caixa de ferramenta, jogo de alicates, arco de serra, lixa, etc.",600.08
2025-03,2.7.11 Plantas e Jardinagens Avental de raspa (Tubarão equipamentos),81.4
2025-03,2.8.7 Dedetizações em Geral Controle integrado de pragas,1290.5
2025-03,2.8.15 Manutenções Elétricas Instalação de 4 postinhos para iluminação da piscina,1120.0
2025-03,"2.8.15 Manutenções Elétricas Instalação de iluminação campo, quadra, parquinho, piscina e portaria",4200.0
2025-03,2.8.18 Manutenção e Limpeza da Piscina Manutenção de ombrelones,250.0
2025-03,2.8.18 Manutenção e Limpeza da Piscina Ref. 02/2025,600.0
2025-03,2.9.8 Material de Escritório Leitor de código de barras,109.0
2025-03,2.9.9 Cópias e Autenticações Notificações e envelopes,4.45
2025-03,2.9.10 Encadernações e Materias Graficos Adesivo autocolante,166.05
2025-03,2.9.10 Encadernações e Materias Graficos Impressão e encadernação da pasta contábil ref. 02/2025,260.0
2025-03,2.9.10 Encadernações e Materias Graficos Serviços gráficos,35.4
2025-03,2.10.1 Repasse de Encargos de Cobrança Ref. 02/2025,93.8
2025-03,2.10.2 Honorarios de Cobranças Jurídicas,1900.4
2025-03,2.10.3 Assessoria Jurídica Ref. 02/2025,4950.0
2025-03,2.11.1 Desp. c- Boletos Bancarios,1576.0
2025-03,2.11.1 Desp. c- Boletos Bancarios (venc. 2 /2025),168.0
2025-03,2.12.1 Móveis e Utensílios Abrigo em concreto p/ hidrômetro,205.0
2025-03,2.12.1 Móveis e Utensílios Lixeira (Vinplastic),473.94
2025-03,2.12.1 Móveis e Utensílios Suporte fixo 6,180.0
2025-03,2.12.7 Computador e Acessórios Carregador e lanterna (Mianofix ltda/ Ella variedades),127.8
2025-03,"2.7.2 Material de Limpeza Piscina Cloro, maresias e algicida",687.0
2025-03,2.4.7 Serviços de Administração de Condomínio Ref. 02/2025,4200.0
2025-03,"2.7.3 Material Para Manutenção Elétrica Bucha, cabo pp, centrinho, cinta, led",891.23
2025-03,2.8.3 Seguro Condominial,481.9
2025-03,2.12.1 Móveis e Utensílios Lixeira (Vinplastic),473.94
2025-03,2.12.7 Computador e Acessórios Carregador e lanterna (Mianofix ltda/,127.8
2025-03,2.7.11 Plantas e Jardinagens Avental de raspa (Tubarão,81.4
2025-03,2.4.21 Remuneração Síndico Ref. 02/2025,4200.0
2025-03,2.6.2 Água e Esgoto Ref. 02/2025,16258.2
2025-03,2.8.18 Manutenção e Limpeza da Piscina Manutenção de ombrelones,250.0
2025-03,2.11.1 Desp. c- Boletos Bancarios,40.0
2025-03,2.9.8 Material de Escritório Leitor de código de barras,109.0
2025-03,2.4.13 Controle de Acesso da Piscina Pulseira,170.0
2025-03,2.6.1 Energia Elétrica Ref. 02/2025 (Clube),2265.78
2025-03,"2.8.15 Manutenções Elétricas Instalação de iluminação campo,",4200.0
2025-03,2.6.1 Energia Elétrica Ref. 03/2025 (Estação elevatória,559.17
2025-03,2.10.3 Assessoria Jurídica Ref. 02/2025,4950.0
2025-03,2.11.1 Desp. c- Boletos Bancarios,4.0
2025-03,2.10.1 Repasse de Encargos de Cobrança Ref. 02/2025,93.8
2025-03,2.12.1 Móveis e Utensílios Suporte fixo 6,180.0
2025-03,2.12.1 Móveis e Utensílios Abrigo em concreto p/ hidrômetro,205.0
2025-03,2.8.18 Manutenção e Limpeza da Piscina Ref. 02/2025,600.0
2025-03,2.6.1 Energia Elétrica Ref. 03/2025 (Portaria),1624.53
2025-03,2.5.1 INSS Retido de prestadores de serviços Help Soluções Ambientais Ltda 9288,159.5
2025-03,2.7.2 Material de Limpeza Piscina Degrau libra inox,392.0
2025-03,2.5.1 INSS Retido de prestadores de serviços FORNECEDOR / PRESTADOR DE SERVIÇOS,594.0
2025-03,2.5.1 INSS Retido de prestadores de serviços FORNECEDOR / PRESTADOR DE SERVIÇOS,1324.62
2025-03,2.9.10 Encadernações e Materias Graficos Impressão e encadernação da pasta,260.0
2025-03,2.9.9 Cópias e Autenticações Notificações e envelopes,4.45
2025-03,2.8.15 Manutenções Elétricas Instalação de 4 postinhos para,1120.0
2025-03,2.6.3 Telefone-Internet Período de 05/02 a 04/03/2025,79.98
2025-03,"2.7.6 Material p- Consertos e Reparos Caixa de ferramenta, jogo de alicates,",600.08
2025-03,2.11.1 Desp. c- Boletos Bancarios,4.0
2025-03,2.9.10 Encadernações e Materias Graficos Serviços gráficos,35.4
2025-03,"2.7.4 Materiais de Limpeza e consumo Pedra sanitária, esponja, pano, sulfite,",608.72
2025-03,"2.7.2 Material de Limpeza Piscina Cloro, maresias, ph estável, algicida,",963.0
2025-03,2.4.1 Portaria Vigilância e Controle Acesso Investimento equipamentos ref.,2300.0
2025-03,2.4.5 Auxiliar de Manutenção Limpeza e jardinagem ref. 02/2025,12938.4
2025-03,2.4.1 Portaria Vigilância e Controle Acesso Ref. 02/2025,43278.95
2025-03,2.10.2 Honorarios de Cobranças Jurídicas,1900.4
2025-03,2.12.9 Containers Contentor 1000L,1990.0
2025-03,2.9.10 Encadernações e Materias Graficos Adesivo autocolante,166.05
2025-03,2.7.4 Materiais de Limpeza e consumo Suporte de parede bobina cata caca,458.4
2025-03,2.8.7 Dedetizações em Geral Controle integrado de pragas,1290.5
2024-11,1.1.1 Taxa de Condominio,53750.55
2024-11,1.1.1 Taxa de Condominio Boleto teste,0.01
2024-11,1.1.5 Taxa de Água,8245.23
2024-11,1.1.20 Multas e Juros,58.43
2024-11,1.2.1 Taxas Fundo de Reserva,2688.06
2024-11,2.4.7 Serviços de Administração de Condomínio Honorários administrativos 13º - parc. 01,2100.0
2024-11,2.4.7 Serviços de Administração de Condomínio Ref. 10/2024,4200.0
2024-11,2.4.12 Prest Serviço Engenharia e Arquitetura Elaboração de projeto de arquitetura p/ confecção de cobertura,1000.0
2024-11,2.4.13 Controle de Acesso da Piscina Pulseira,170.0
2024-11,2.4.21 Remuneração Síndico Ref. 10/2024,4200.0
2024-11,"2.7.2 Material de Limpeza Piscina hiperclor, elevador de alcalinidade, elevador de ph, redutor de ph, clear",999.0
2024-11,2.7.4 Materiais de Limpeza e consumo Assento,87.54
2024-11,2.7.4 Materiais de Limpeza e consumo Assento sanitário,116.72
2024-11,"2.7.4 Materiais de Limpeza e consumo Pá de lixo, pedra sanitária, limpa vidros, vassoura, desinfetante, etc.",832.89
2024-11,"2.7.4 Materiais de Limpeza e consumo Vassoura, papel higiênico, desinfetante e etc",405.63
2024-11,2.8.18 Manutenção e Limpeza da Piscina Ref. 10/2024,600.0
2024-11,2.9.4 Certificado Digital Emissão de certificado e cnpj - reembolso adm,180.0
2024-11,2.9.6 Desp. c- Cartório Reconhecimento de firma,12.59
2024-11,2.9.6 Desp. c- Cartório Registro de ATA 12/09/2024 - Reembolso adm,262.32
2024-11,2.11.1 Desp. c- Boletos Bancarios,852.0
2024-11,2.12.1 Móveis e Utensílios Cesto fechado,244.93
2024-11,2.12.1 Móveis e Utensílios Estante de aço e cadeira,1194.0
2024-11,"2.12.1 Móveis e Utensílios Furadeira, kit chaves de fenda, fita, jogo de ferramentas, etc.",638.41
2024-11,2.9.6 Desp. c- Cartório Reconhecimento de firma,12.59
2024-11,"2.12.1 Móveis e Utensílios Furadeira, kit chaves de fenda, fita,",638.41
2024-11,2.7.4 Materiais de Limpeza e consumo Assento,87.54
2024-11,2.4.13 Controle de Acesso da Piscina Pulseira,170.0
2024-11,2.9.4 Certificado Digital Emissão de certificado e cnpj -,180.0
2024-11,2.9.6 Desp. c- Cartório Registro de ATA 12/09/2024 -,262.32
2024-11,"2.7.4 Materiais de Limpeza e consumo Vassoura, papel higiênico, desinfetante",405.63
2024-11,2.8.18 Manutenção e Limpeza da Piscina Ref. 10/2024,600.0
2024-11,"2.7.2 Material de Limpeza Piscina hiperclor, elevador de alcalinidade,",999.0
2024-11,2.4.12 Prest Serviço Engenharia e Arquitetura Elaboração de projeto de arquitetura p/,1000.0
2024-11,2.12.1 Móveis e Utensílios Estante de aço e cadeira,1194.0
2024-11,2.4.7 Serviços de Administração de Condomínio Ref. 10/2024,4200.0
2024-11,2.4.21 Remuneração Síndico Ref. 10/2024,4200.0
2024-11,2.7.4 Materiais de Limpeza e consumo Assento sanitário,116.72
2024-11,2.12.1 Móveis e Utensílios Cesto fechado,244.93
2024-11,"2.7.4 Materiais de Limpeza e consumo Pá de lixo, pedra sanitária, limpa",832.89
2024-11,2.4.7 Serviços de Administração de Condomínio Honorários administrativos 13º - parc.,2100.0
2025-12,1.1.1 Taxa de Condominio,86051.35
2025-12,1.1.1 Taxa de Condominio (venc. 10 /2025),252.35
2025-12,1.1.1 Taxa de Condominio (venc. 11 /2025),11860.45
2025-12,1.1.5 Taxa de Água,17048.26
2025-12,1.1.5 Taxa de Água (venc. 10 /2025),40.68
2025-12,1.1.5 Taxa de Água (venc. 11 /2025),2947.34
2025-12,1.1.8 Encargos de Cobrança,444.27
2025-12,1.1.8 Encargos de Cobrança (venc. 11 /2025),66.8
2025-12,1.1.8 Encargos de Cobrança (venc. 12 /2026),33.72
2025-12,1.1.13 Multa Infrações Regulamento Notificação - 28/10/2025 (venc. 11 /2025),252.35
2025-12,1.1.14 Homologação Acordo Extrajudicial,7844.11
2025-12,1.1.14 Homologação Acordo Extrajudicial (venc. 11 /2025),969.48
2025-12,1.1.14 Homologação Acordo Extrajudicial (venc. 12 /2026),321.13
2025-12,1.1.15 Honorarios Advocatícios (venc. 11 /2025),118.92
2025-12,1.1.20 Multas Juros e Correções,665.2
2025-12,1.1.20 Multas Juros e Correções (venc. 10 /2025),11.62
2025-12,1.1.20 Multas Juros e Correções (venc. 11 /2025),446.89
2025-12,1.1.20 Multas Juros e Correções (venc. 12 /2026),14.38
2025-12,1.1.29 Atualização Monetária,10.19
2025-12,1.1.29 Atualização Monetária (venc. 11 /2025),2.66
2025-12,1.1.29 Atualização Monetária (venc. 12 /2026),1.67
2025-12,1.2.1 Taxas Fundo de Reserva,4303.42
2025-12,1.2.1 Taxas Fundo de Reserva (venc. 10 /2025),12.62
2025-12,1.2.1 Taxas Fundo de Reserva (venc. 11 /2025),593.14
2025-12,1.2.3 Taxas Extras Sinalização viária - Parc. 4/18 (venc. 10 /2025),15.48
2025-12,1.2.3 Taxas Extras Sinalização viária - Parc. 5/18 (venc. 11 /2025),727.56
2025-12,1.2.3 Taxas Extras Sinalização viária - Parc. 6/18,5278.68
2025-12,1.2.18 Mercado,1470.0
2025-12,1.2.18 Mercado Lucien (Mini fácil),1837.1
2025-12,1.4.1 Rendimento de Aplicação,708.5
2025-12,2.4.1 Portaria Vigilância e Controle Acesso Investimento equipamentos ref. 11/2025,2300.0
2025-12,2.4.1 Portaria Vigilância e Controle Acesso Ref. 11/2025,45833.03
2025-12,2.4.5 Auxiliar de Manutenção Limpeza e jardinagem ref. 10/2025,18571.88
2025-12,2.4.7 Serviços de Administração de Condomínio 13 - Fechamento Anual,2100.0
2025-12,2.4.7 Serviços de Administração de Condomínio Ref. 11/2025,4200.0
2025-12,2.4.19 Contratos - Manutenção Elétrica Preventiva e corretiva mensal,1280.0
2025-12,2.4.21 Remuneração Síndico Ref. 11/2025,4200.0
2025-12,2.5.1 INSS Retido de prestadores de serviços FORNECEDOR / PRESTADOR DE SERVIÇOS,5228.81
2025-12,2.5.1 INSS Retido de prestadores de serviços FORNECEDOR / PRESTADOR DE SERVIÇOS,2023.72
2025-12,2.5.1 INSS Retido de prestadores de serviços Help Soluções Ambientais Ltda 11113,104.5
2025-12,2.5.1 INSS Retido de prestadores de serviços Help Soluções Ambientais Ltda 11114,159.5
2025-12,2.5.1 INSS Retido de prestadores de serviços FORNECEDOR / PRESTADOR DE SERVIÇOS,1100.0
2025-12,2.5.2 PCC Retido FORNECEDOR / PRESTADOR DE SERVIÇOS,2490.16
2025-12,2.5.2 PCC Retido FORNECEDOR / PRESTADOR DE SERVIÇOS,1004.4
2025-12,2.6.1 Energia Elétrica Ref. 11/2025 (Clube),2795.5
2025-12,2.6.1 Energia Elétrica Ref. 12/2025 (Estação elevatória esgoto),1582.93
2025-12,2.6.1 Energia Elétrica Ref. 12/2025 (Portaria),3275.67
2025-12,2.6.2 Água e Esgoto Ref. 11/2025,17085.6
2025-12,2.6.3 Telefone-Internet,79.98
2025-12,2.7.1 Tintas e Materiais para Pintura Fita crepe e empac,120.0
2025-12,2.7.3 Material Para Manutenção Elétrica Timer digital,111.73
2025-12,2.7.4 Materiais de Limpeza e consumo Bobina cata caca,201.6
2025-12,"2.7.4 Materiais de Limpeza e consumo Pedra sanitária, papel, detergente, saco, interfolha, etc.",713.55
2025-12,2.7.5 Material para Manutenção Hidraulica Kit 2 refil natural,72.77
2025-12,2.7.6 Material p- Consertos e Reparos (Ana Laura Sanches),365.02
2025-12,2.7.6 Material p- Consertos e Reparos Parc. 02/04,4550.33
2025-12,"2.7.6 Material p- Consertos e Reparos cinzeiro de chão, placa, (Aldinox / O estradão/Itamar Lazaro Matos",324.46
2025-12,2.7.9 Locação de Equipamentos Bomba submersa de 3 polegadas.,360.0
2025-12,2.7.10 Aluguel de Caçamba 1 caçamba,340.0
2025-12,2.7.12 Material-Equipamento Controle de Acesso Kit 60 pulseiras,239.9
2025-12,2.8.4 Serviços de Serralheria Solda nas traves da quadra,264.0
2025-12,2.8.4 Serviços de Serralheria Solda no totem,250.0
2025-12,"2.8.6 Manutenção de Maquinas e Equipamentos Lixar, pintar, instalação de carcaça com filtro e isopor de",280.0
2025-12,"2.8.6 Manutenção de Maquinas e Equipamentos Manutenção de 1 caixa refrigerada de 25 litros, instalado 1",360.0
2025-12,2.8.7 Dedetizações em Geral Controle integrado de pragas,1290.5
2025-12,2.8.8 Desentupimento em Geral Limpeza da estação elevatória,845.5
2025-12,2.8.10 Manutenção Hidraulica - Mão de Obra Ref. 10/2025,3100.0
2025-12,2.8.13 Manutenção Ar Condicionado Higienização e limpeza em aparelho,180.0
2025-12,2.8.18 Manutenção e Limpeza da Piscina Ref. 11/2025,600.0
2025-12,"2.8.21 Manutenção das Instalações Manutenção preventiva na estação elevatória, bomba 01 e retrolavagem",3104.0
2025-12,2.9.6 Desp. c- Cartório Cópias ADM - Mat. apoio assembleia e para registros doc. cartório,528.0
2025-12,2.9.9 Cópias e Autenticações Impressão DP para conferência Doc. Terceirizadas,459.0
2025-12,2.9.9 Cópias e Autenticações Cópias adm - apoio contas a pagar ref. 11/2025,103.0
2025-12,2.9.9 Cópias e Autenticações Doc. Apoio Contas a Pagar - dez 2025,153.0
2025-12,2.9.15 Festas e Eventos no Condomínio Locação de pipoca e algodão doce.,480.0
2025-12,2.10.1 Repasse de Encargos de Cobrança,544.79
2025-12,2.10.1 Repasse de Encargos de Cobrança Ref. 11/2025,367.15
2025-12,2.10.2 Honorarios de Cobranças Jurídicas Ref. a prestação de conta 12/2025,2309.74
2025-12,2.10.3 Assessoria Jurídica Ref. 11/2025,4950.0
2025-12,2.11.1 Desp. c- Boletos Bancarios,1408.0
2025-12,2.11.1 Desp. c- Boletos Bancarios (venc. 10 /2025),4.0
2025-12,2.11.1 Desp. c- Boletos Bancarios (venc. 11 /2025),196.0
2025-12,2.11.1 Desp. c- Boletos Bancarios (venc. 12 /2026),4.0
2025-12,2.11.2 Despesas Bancarias,44.74
2025-12,2.11.2 Despesas Bancarias,44.74
2025-12,2.10.1 Repasse de Encargos de Cobrança,544.79
2025-12,2.9.6 Desp. c- Cartório Cópias ADM - Mat. apoio assembleia e,528.0
2025-12,2.9.9 Cópias e Autenticações Doc. Apoio Contas a Pagar - dez 2025,153.0
2025-12,2.9.9 Cópias e Autenticações Impressão DP para conferência Doc.,459.0
2025-12,2.4.7 Serviços de Administração de Condomínio 13 - Fechamento Anual,2100.0
2025-12,2.4.7 Serviços de Administração de Condomínio Ref. 11/2025,4200.0
2025-12,2.4.21 Remuneração Síndico Ref. 11/2025,4200.0
2025-12,2.7.3 Material Para Manutenção Elétrica Timer digital,111.73
2025-12,"2.7.6 Material p- Consertos e Reparos cinzeiro de chão, placa, (Aldinox / O",324.46
2025-12,2.6.1 Energia Elétrica Ref. 11/2025 (Clube),2795.5
2025-12,2.7.12 Material-Equipamento Controle de Acesso Kit 60 pulseiras,239.9
2025-12,2.7.4 Materiais de Limpeza e consumo Bobina cata caca,201.6
2025-12,2.8.10 Manutenção Hidraulica - Mão de Obra Ref. 10/2025,3100.0
2025-12,2.7.6 Material p- Consertos e Reparos Parc. 02/04,4550.33
2025-12,2.6.2 Água e Esgoto Ref. 11/2025,17085.6
2025-12,2.8.13 Manutenção Ar Condicionado Higienização e limpeza em aparelho,180.0
2025-12,2.8.6 Manutenção de Maquinas e Equipamentos Manutenção de 1 caixa refrigerada de,360.0
2025-12,2.8.21 Manutenção das Instalações Manutenção preventiva na estação,3104.0
2025-12,2.7.5 Material para Manutenção Hidraulica Kit 2 refil natural,72.77
2025-12,2.6.1 Energia Elétrica Ref. 12/2025 (Estação elevatória,1582.93
2025-12,2.6.1 Energia Elétrica Ref. 12/2025 (Portaria),3275.67
2025-12,2.10.3 Assessoria Jurídica Ref. 11/2025,4950.0
2025-12,2.5.1 INSS Retido de prestadores de serviços Help Soluções Ambientais Ltda 11113,104.5
2025-12,2.7.1 Tintas e Materiais para Pintura Fita crepe e empac,120.0
2025-12,2.5.1 INSS Retido de prestadores de serviços Help Soluções Ambientais Ltda 11114,159.5
2025-12,2.8.4 Serviços de Serralheria Solda no totem,250.0
2025-12,"2.8.6 Manutenção de Maquinas e Equipamentos Lixar, pintar, instalação de carcaça com",280.0
2025-12,2.7.10 Aluguel de Caçamba 1 caçamba,340.0
2025-12,2.7.6 Material p- Consertos e Reparos (Ana Laura Sanches),365.02
2025-12,2.8.18 Manutenção e Limpeza da Piscina Ref. 11/2025,600.0
2025-12,2.5.2 PCC Retido FORNECEDOR / PRESTADOR DE SERVIÇOS,1004.4
2025-12,2.5.1 INSS Retido de prestadores de serviços FORNECEDOR / PRESTADOR DE SERVIÇOS,1100.0
2025-12,2.4.19 Contratos - Manutenção Elétrica Preventiva e corretiva mensal,1280.0
2025-12,2.5.1 INSS Retido de prestadores de serviços FORNECEDOR / PRESTADOR DE SERVIÇOS,2023.72
2025-12,2.5.2 PCC Retido FORNECEDOR / PRESTADOR DE SERVIÇOS,2490.16
2025-12,2.5.1 INSS Retido de prestadores de serviços FORNECEDOR / PRESTADOR DE SERVIÇOS,5228.81
2025-12,2.8.3 Seguro Condominial,364.2
2025-12,2.10.1 Repasse de Encargos de Cobrança Ref. 11/2025,367.15
2025-12,2.9.9 Cópias e Autenticações Cópias adm - apoio contas a pagar ref.,103.0
2025-12,2.4.1 Portaria Vigilância e Controle Acesso Investimento equipamentos ref.,2300.0
2025-12,2.4.5 Auxiliar de Manutenção Limpeza e jardinagem ref. 10/2025,18571.88
2025-12,2.10.2 Honorarios de Cobranças Jurídicas Ref. a prestação de conta 12/2025,2309.74
2025-12,2.6.3 Telefone-Internet,79.98
2025-12,2.9.15 Festas e Eventos no Condomínio Locação de pipoca e algodão doce.,480.0
2025-12,2.4.1 Portaria Vigilância e Controle Acesso Ref. 11/2025,45833.03
2025-12,2.7.9 Locação de Equipamentos Bomba submersa de 3 polegadas.,180.0
2025-12,"2.7.3 Material Para Manutenção Elétrica Cabo pp, conector, disjuntor, led",522.97
2025-12,"2.7.4 Materiais de Limpeza e consumo Pedra sanitária, papel, detergente,",713.55
2025-12,2.8.8 Desentupimento em Geral Limpeza da estação elevatória,845.5
2025-12,2.8.7 Dedetizações em Geral Controle integrado de pragas,1290.5
2025-12,2.7.9 Locação de Equipamentos Bomba submersa de 3 polegadas.,180.0
2025-12,2.8.4 Serviços de Serralheria Solda nas traves da quadra,264.0
2025-04,1.1.1 Taxa de Condominio,91098.35
2025-04,1.1.1 Taxa de Condominio (venc. 3 /2025),6056.4
2025-04,1.1.5 Taxa de Água,14968.15
2025-04,1.1.5 Taxa de Água (venc. 3 /2025),1025.36
2025-04,1.1.8 Encargos de Cobrança,62.45
2025-04,1.1.14 Homologação Acordo Extrajudicial,15237.09
2025-04,1.1.15 Honorarios Advocatícios,572.5
2025-04,1.1.20 Multas Juros e Correções,540.15
2025-04,1.1.20 Multas Juros e Correções (venc. 3 /2025),182.87
2025-04,1.1.29 Atualização Monetária,137.73
2025-04,1.2.1 Taxas Fundo de Reserva,4555.82
2025-04,1.2.1 Taxas Fundo de Reserva (venc. 3 /2025),302.88
2025-04,1.2.51 Feira,31.5
2025-04,1.4.1 Rendimento de Aplicação,161.92
2025-04,2.4.1 Portaria Vigilância e Controle Acesso Investimento equipamentos ref. 03/2025,2300.0
2025-04,2.4.1 Portaria Vigilância e Controle Acesso Ref. 03/2025,48116.47
2025-04,2.4.5 Auxiliar de Manutenção Limpeza e jardinagem ref. 03/2025,19407.6
2025-04,2.4.7 Serviços de Administração de Condomínio Ref. 03/2025,4200.0
2025-04,"2.4.19 Contratos - Manutenção Elétrica Manutenção, elétrica, portaria e controle de acesso",1280.0
2025-04,2.4.21 Remuneração Síndico Ref. 03/2025,4200.0
2025-04,2.5.1 INSS Retido de prestadores de serviços FORNECEDOR / PRESTADOR DE SERVIÇOS,792.0
2025-04,2.5.1 INSS Retido de prestadores de serviços FORNECEDOR / PRESTADOR DE SERVIÇOS,2649.24
2025-04,2.5.1 INSS Retido de prestadores de serviços FORNECEDOR / PRESTADOR DE SERVIÇOS,2945.36
2025-04,2.5.1 INSS Retido de prestadores de serviços FORNECEDOR / PRESTADOR DE SERVIÇOS,1188.0
2025-04,2.5.2 PCC Retido FORNECEDOR / PRESTADOR DE SERVIÇOS,669.6
2025-04,2.5.2 PCC Retido FORNECEDOR / PRESTADOR DE SERVIÇOS,2239.81
2025-04,2.5.2 PCC Retido FORNECEDOR / PRESTADOR DE SERVIÇOS,2490.17
2025-04,2.5.2 PCC Retido FORNECEDOR / PRESTADOR DE SERVIÇOS,1004.4
2025-04,2.5.2 PCC Retido Help Soluções Ambientais Ltda,159.5
2025-04,2.6.1 Energia Elétrica Ref. 03/2025 (Clube),2529.87
2025-04,2.6.1 Energia Elétrica Ref. 04/2025 (Estação elevatório esgoto),702.96
2025-04,2.6.1 Energia Elétrica Ref. 04/2025 (Portaria),1941.05
2025-04,2.6.2 Água e Esgoto Ref. 03/2025,16612.43
2025-04,2.6.3 Telefone-Internet Período de 05/03/2025 a 04/04/2025,79.98
2025-04,2.7.1 Tintas e Materiais para Pintura Fita crepe,50.0
2025-04,"2.7.2 Material de Limpeza Piscina Clear gel, cloro, ph, barrilha, agicida, etc.",632.0
2025-04,"2.7.4 Materiais de Limpeza e consumo Pá de lixo, vassoura, mangueira, adaptador, etc.",650.7
2025-04,"2.7.4 Materiais de Limpeza e consumo Rodo, papel, detergente, saco de lixo, espanador, etc.",465.3
2025-04,"2.7.6 Material p- Consertos e Reparos Cadeado, broca, arruela, porca, etc.",534.5
2025-04,2.7.6 Material p- Consertos e Reparos Chapa galvalume,91.83
2025-04,"2.7.6 Material p- Consertos e Reparos Cimento, pedrisco, areia, sarrafo, lona, etc.",835.09
2025-04,2.7.6 Material p- Consertos e Reparos Cola pvc e tapa furo,21.0
2025-04,2.7.7 Vidros Vidros,128.45
2025-04,2.8.7 Dedetizações em Geral Controle integrado de pragas,1290.5
2025-04,2.8.18 Manutenção e Limpeza da Piscina Ref. 03/2025,600.0
2025-04,2.9.9 Cópias e Autenticações Notificações e envelopes,28.9
2025-04,2.9.10 Encadernações e Materias Graficos Ref. 02.2025 (diferença) e ref. 03.2025,391.0
2025-04,2.9.23 Custos com Assembleia Salão,1200.0
2025-04,2.10.1 Repasse de Encargos de Cobrança Ref. 03/2025,125.62
2025-04,2.10.2 Honorarios de Cobranças Jurídicas Ref. a prestação de conta 04/2025,2989.9
2025-04,2.10.3 Assessoria Jurídica Ref. 03/2025,4950.0
2025-04,2.11.1 Desp. c- Boletos Bancarios,1456.0
2025-04,2.11.1 Desp. c- Boletos Bancarios (venc. 3 /2025),96.0
2025-04,2.12.1 Móveis e Utensílios Persianas,255.0
2025-04,2.12.1 Móveis e Utensílios Poltrona,573.0
2025-04,2.12.1 Móveis e Utensílios Pta postigo,684.0
2025-04,2.4.21 Remuneração Síndico Ref. 03/2025,4200.0
2025-04,2.7.6 Material p- Consertos e Reparos Chapa galvalume,91.83
2025-04,2.4.7 Serviços de Administração de Condomínio Ref. 03/2025,4200.0
2025-04,"2.7.3 Material Para Manutenção Elétrica Bucha, cabo pp, centrinho, cinta, led",891.23
2025-04,2.12.1 Móveis e Utensílios Persianas,255.0
2025-04,2.9.23 Custos com Assembleia Salão,1200.0
2025-04,2.12.1 Móveis e Utensílios Poltrona,573.0
2025-04,2.6.2 Água e Esgoto Ref. 03/2025,16612.43
2025-04,2.7.7 Vidros Vidros,128.45
2025-04,2.8.3 Seguro Condominial,481.9
2025-04,"2.7.4 Materiais de Limpeza e consumo Pá de lixo, vassoura, mangueira,",650.7
2025-04,"2.7.6 Material p- Consertos e Reparos Cadeado, broca, arruela, porca, etc.",534.5
2025-04,2.6.1 Energia Elétrica Ref. 04/2025 (Estação elevatório,702.96
2025-04,2.12.9 Containers Contentor 1Unidade XXX grafite e verde,1990.0
2025-04,2.6.1 Energia Elétrica Ref. 03/2025 (Clube),2529.87
2025-04,2.7.1 Tintas e Materiais para Pintura Fita crepe,50.0
2025-04,2.10.1 Repasse de Encargos de Cobrança Ref. 03/2025,125.62
2025-04,"2.7.3 Material Para Manutenção Elétrica Cabinho flex, cabo pp, disjuntor, plug,",288.6
2025-04,2.10.3 Assessoria Jurídica Ref. 03/2025,4950.0
2025-04,2.5.2 PCC Retido Help Soluções Ambientais Ltda,159.5
2025-04,2.8.18 Manutenção e Limpeza da Piscina Ref. 03/2025,600.0
2025-04,2.5.2 PCC Retido FORNECEDOR / PRESTADOR DE SERVIÇOS,669.6
2025-04,2.5.1 INSS Retido de prestadores de serviços FORNECEDOR / PRESTADOR DE SERVIÇOS,792.0
2025-04,2.5.2 PCC Retido FORNECEDOR / PRESTADOR DE SERVIÇOS,1004.4
2025-04,2.5.1 INSS Retido de prestadores de serviços FORNECEDOR / PRESTADOR DE SERVIÇOS,1188.0
2025-04,2.5.2 PCC Retido FORNECEDOR / PRESTADOR DE SERVIÇOS,2239.81
2025-04,2.5.2 PCC Retido FORNECEDOR / PRESTADOR DE SERVIÇOS,2490.17
2025-04,2.5.1 INSS Retido de prestadores de serviços FORNECEDOR / PRESTADOR DE SERVIÇOS,2649.24
2025-04,2.5.1 INSS Retido de prestadores de serviços FORNECEDOR / PRESTADOR DE SERVIÇOS,2945.36
2025-04,2.7.6 Material p- Consertos e Reparos Cola pvc e tapa furo,21.0
2025-04,"2.7.6 Material p- Consertos e Reparos Cimento, pedrisco, areia, sarrafo, lona,",835.09
2025-04,"2.4.19 Contratos - Manutenção Elétrica Manutenção, elétrica, portaria e",1280.0
2025-04,2.9.10 Encadernações e Materias Graficos Ref. 02.2025 (diferença) e ref. 03.2025,391.0
2025-04,2.9.9 Cópias e Autenticações Notificações e envelopes,28.9
2025-04,2.12.1 Móveis e Utensílios Pta postigo,684.0
2025-04,2.6.3 Telefone-Internet Período de 05/03/2025 a 04/04/2025,79.98
2025-04,2.6.1 Energia Elétrica Ref. 04/2025 (Portaria),1941.05
2025-04,2.4.1 Portaria Vigilância e Controle Acesso Investimento equipamentos ref.,2300.0
2025-04,2.4.5 Auxiliar de Manutenção Limpeza e jardinagem ref. 03/2025,19407.6
2025-04,"2.7.4 Materiais de Limpeza e consumo Rodo, papel, detergente, saco de lixo,",465.3
2025-04,2.4.1 Portaria Vigilância e Controle Acesso Ref. 03/2025,48116.47
2025-04,"2.7.2 Material de Limpeza Piscina Clear gel, cloro, ph, barrilha, agicida,",632.0
2025-04,2.8.7 Dedetizações em Geral Controle integrado de pragas,1290.5
2025-04,2.10.2 Honorarios de Cobranças Jurídicas Ref. a prestação de conta 04/2025,2989.9
2024-12,1.1.1 Taxa de Condominio,47946.5
2024-12,1.1.1 Taxa de Condominio (venc. 11 /2024),3028.2
2024-12,1.1.1 Taxa de Condominio Boleto teste,0.01
2024-12,1.1.5 Taxa de Água,7354.9
2024-12,1.1.5 Taxa de Água (venc. 11 /2024),464.52
2024-12,1.1.20 Multas e Juros,128.0
2024-12,1.1.20 Multas e Juros (venc. 11 /2024),96.54
2024-12,1.2.1 Taxas Fundo de Reserva,2397.8
2024-12,1.2.1 Taxas Fundo de Reserva (venc. 11 /2024),151.44
2024-12,1.4.1 Rendimento de Aplicação,24.85
2024-12,2.4.1 Portaria Vigilância e Controle Acesso Ref. 11/2024,21073.5
2024-12,2.4.5 Auxiliar de Manutenção Manutenção e jardinagem ref. 11/2024,4725.0
2024-12,2.4.7 Serviços de Administração de Condomínio Honorários administrativos 13º - parc. 02,2100.0
2024-12,2.4.7 Serviços de Administração de Condomínio Ref. 11/2024,4200.0
2024-12,2.4.12 Prest Serviço Engenharia e Arquitetura Elaboração de projeto de arquitetura p/ confecção de cobertura,1000.0
2024-12,2.4.21 Remuneração Síndico Ref. 11/2024,4200.0
2024-12,2.6.1 Energia Elétrica Ref. 11/2024 (Clube),2576.43
2024-12,2.6.1 Energia Elétrica Ref. 12/2024 (Portaria),1081.42
2024-12,"2.6.4 Gás Gás liquefeito, regulador e vasilhame",435.0
2024-12,2.7.3 Material Para Manutenção Elétrica Luminária de emergência e fita isolante,57.56
2024-12,"2.7.4 Materiais de Limpeza e consumo Escova sanitária, desentupidor, sabonete, dispenser, assento, etc.",877.85
2024-12,"2.7.4 Materiais de Limpeza e consumo Papel higiênico, saco lixo, interfolha e saponaceo cremoso",204.1
2024-12,"2.7.4 Materiais de Limpeza e consumo Pedra sanitária, alcool, sabão, limpa vidro, desodorizador, etc.",592.48
2024-12,"2.7.6 Material p- Consertos e Reparos Cadeado latão, broca, espanador, corda, desentupidor, bucha, etc. 1",337.44
2024-12,2.7.6 Material p- Consertos e Reparos Kit gancho + frete,54.24
2024-12,2.7.16 Placas e Sinalizações Cone de trânsito,468.0
2024-12,2.8.18 Manutenção e Limpeza da Piscina Ref. 11/2024,600.0
2024-12,2.8.21 Manutenção das Instalações Furo na pedra de mármore da portaria,100.0
2024-12,2.8.21 Manutenção das Instalações Instalação de espelho e suporte na saída de veículo,300.0
2024-12,"2.9.8 Material de Escritório Acessório p/ mesa, bloco recado, borracha, caneta, chaveiro, etc.",385.58
2024-12,2.9.10 Encadernações e Materias Graficos Impressão e encadernação da pasta contábil ref. 11/2024,74.75
2024-12,2.10.3 Assessoria Jurídica Assessoria,4604.34
2024-12,2.11.1 Desp. c- Boletos Bancarios,760.0
2024-12,2.11.1 Desp. c- Boletos Bancarios (venc. 11 /2024),48.0
2024-12,2.11.5 Outras Despesas Financeiras Estorno lançamento financeiro - teste na c/c do condomínio,1.0
2024-12,2.12.1 Móveis e Utensílios Suporte para micro-ondas e forno,73.23
2024-12,2.12.3 Melhoria nas Instalações Instalação de bebedouro,408.0
2024-12,2.11.5 Outras Despesas Financeiras Estorno lançamento financeiro - teste,1.0
2024-12,2.4.7 Serviços de Administração de Condomínio Ref. 11/2024,4200.0
2024-12,"2.6.4 Gás Gás liquefeito, regulador e vasilhame",435.0
2024-12,2.12.1 Móveis e Utensílios 3 grelhas inox,612.0
2024-12,2.12.9 Containers Container e carro coletor,2065.33
2024-12,2.8.21 Manutenção das Instalações Instalação de espelho e suporte na,300.0
2024-12,2.7.3 Material Para Manutenção Elétrica Luminária de emergência e fita isolante,57.56
2024-12,"2.7.4 Materiais de Limpeza e consumo Papel higiênico, saco lixo, interfolha e",204.1
2024-12,2.12.1 Móveis e Utensílios Espelho convexo e lixeira,452.5
2024-12,2.4.21 Remuneração Síndico Ref. 11/2024,4200.0
2024-12,2.10.3 Assessoria Jurídica Assessoria,4604.34
2024-12,"2.7.6 Material p- Consertos e Reparos Cadeado latão, broca, espanador,",337.44
2024-12,2.7.16 Placas e Sinalizações Cone de trânsito,468.0
2024-12,2.8.3 Seguro Condominial,481.93
2024-12,2.4.12 Prest Serviço Engenharia e Arquitetura Elaboração de projeto de arquitetura p/,1000.0
2024-12,2.8.18 Manutenção e Limpeza da Piscina Ref. 11/2024,600.0
2024-12,2.6.1 Energia Elétrica Ref. 12/2024 (Portaria),1081.42
2024-12,2.6.1 Energia Elétrica Ref. 11/2024 (Clube),2576.43
2024-12,2.12.1 Móveis e Utensílios Suporte para micro-ondas e forno,73.23
2024-12,"2.7.3 Material Para Manutenção Elétrica Cabo pp, tomada e plugue",100.0
2024-12,2.8.21 Manutenção das Instalações Furo na pedra de mármore da portaria,100.0
2024-12,"2.9.8 Material de Escritório Acessório p/ mesa, bloco recado,",385.58
2024-12,"2.7.4 Materiais de Limpeza e consumo Pedra sanitária, alcool, sabão, limpa",592.48
2024-12,"2.7.4 Materiais de Limpeza e consumo Escova sanitária, desentupidor,",877.85
2024-12,2.12.3 Melhoria nas Instalações Instalação de bebedouro,408.0
2024-12,2.7.6 Material p- Consertos e Reparos Kit gancho + frete,54.24
2024-12,2.9.10 Encadernações e Materias Graficos Impressão e encadernação da pasta,74.75
2024-12,2.4.7 Serviços de Administração de Condomínio Honorários administrativos 13º - parc.,2100.0
2024-12,2.4.5 Auxiliar de Manutenção Manutenção e jardinagem ref. 11/2024,4725.0
2024-12,2.4.1 Portaria Vigilância e Controle Acesso Ref. 11/2024,21073.5
2025-10,1.1.1 Taxa de Condominio,88574.85
2025-10,1.1.1 Taxa de Condominio (venc. 8 /2025),252.35
2025-10,1.1.1 Taxa de Condominio (venc. 9 /2025),12869.85
2025-10,1.1.5 Taxa de Água,16636.42
2025-10,1.1.5 Taxa de Água (venc. 8 /2025),40.68
2025-10,1.1.5 Taxa de Água (venc. 9 /2025),2957.13
2025-10,1.1.8 Encargos de Cobrança,66.82
2025-10,1.1.8 Encargos de Cobrança (venc. 9 /2025),33.14
2025-10,1.1.13 Multa Infrações Regulamento Notificação - 19/09/2025,252.35
2025-10,1.1.14 Homologação Acordo Extrajudicial,2284.57
2025-10,1.1.14 Homologação Acordo Extrajudicial (venc. 9 /2025),321.13
2025-10,1.1.20 Multas Juros e Correções,654.41
2025-10,1.1.20 Multas Juros e Correções (venc. 8 /2025),10.52
2025-10,1.1.20 Multas Juros e Correções (venc. 9 /2025),444.86
2025-10,1.1.29 Atualização Monetária,16.0
2025-10,1.2.1 Taxas Fundo de Reserva,4429.62
2025-10,1.2.1 Taxas Fundo de Reserva (venc. 8 /2025),12.62
2025-10,1.2.1 Taxas Fundo de Reserva (venc. 9 /2025),643.62
2025-10,1.2.3 Taxas Extras Sinalização viária - Parc. 2/18 (venc. 8 /2025),15.48
2025-10,1.2.3 Taxas Extras Sinalização viária - Parc. 3/18 (venc. 9 /2025),789.48
2025-10,1.2.3 Taxas Extras Sinalização viária - Parc. 4/18,5433.48
2025-10,1.2.18 Mercado Lucien (Mini fácil),1352.08
2025-10,1.2.51 Feira,355.0
2025-10,1.2.51 Feira Elisete,390.0
2025-10,1.2.51 Feira Elisete 16/10/2025,212.5
2025-10,1.2.51 Feira Elisete ref. 10/2025,407.95
2025-10,1.2.61 Fundo Bicicletas,2400.0
2025-10,1.4.1 Rendimento de Aplicação,581.0
2025-10,2.4.1 Portaria Vigilância e Controle Acesso Investimento equipamentos ref. 09/2025,2300.0
2025-10,2.4.1 Portaria Vigilância e Controle Acesso Ref. 09/2025,48116.48
2025-10,2.4.5 Auxiliar de Manutenção Limpeza e jardinagem ref. 09/2025,19407.6
2025-10,2.4.7 Serviços de Administração de Condomínio Ref. 09/2025,4200.0
2025-10,"2.4.19 Contratos - Manutenção Elétrica Manutenção elétrica, portaria e controle de acesso",1280.0
2025-10,2.4.21 Remuneração Síndico Ref. 09/2025,4200.0
2025-10,2.5.1 INSS Retido de prestadores de serviços FORNECEDOR / PRESTADOR DE SERVIÇOS,2945.36
2025-10,2.5.1 INSS Retido de prestadores de serviços FORNECEDOR / PRESTADOR DE SERVIÇOS,1188.0
2025-10,2.5.1 INSS Retido de prestadores de serviços Help Soluções Ambientais Ltda 10651,159.5
2025-10,2.5.2 PCC Retido FORNECEDOR / PRESTADOR DE SERVIÇOS,2490.17
2025-10,2.5.2 PCC Retido FORNECEDOR / PRESTADOR DE SERVIÇOS,1004.4
2025-10,2.5.4 ISS Retido de prestadores de serviços Adenildo Francisco Alves Junior - Me 27,96.0
2025-10,2.6.1 Energia Elétrica Ref. 09/2025 (Clube),2730.57
2025-10,2.6.1 Energia Elétrica Ref. 10/2025 (Estação elevatória esgoto),944.47
2025-10,2.6.1 Energia Elétrica Ref. 10/2025 (Portaria),2775.07
2025-10,2.6.2 Água e Esgoto Ref. 09/2025,17085.6
2025-10,2.6.3 Telefone-Internet Período de 05/09/2025 a 04/10/2025,79.98
2025-10,2.7.1 Tintas e Materiais para Pintura Fita crepe e transparente,100.0
2025-10,"2.7.2 Material de Limpeza Piscina Cloro, clear gel, alcalinidade, fita teste, etc.",631.8
2025-10,2.7.4 Materiais de Limpeza e consumo Bobina cata caca,229.56
2025-10,"2.7.4 Materiais de Limpeza e consumo Pedra sanitária, papel, pano, saco de lixo, etc.",595.16
2025-10,2.7.4 Materiais de Limpeza e consumo Varal de chão,65.0
2025-10,2.7.6 Material p- Consertos e Reparos Areia fina,49.9
2025-10,2.7.7 Vidros Vidro,171.0
2025-10,2.7.11 Plantas e Jardinagens Casca de pinus e limitador,103.0
2025-10,2.7.11 Plantas e Jardinagens Manta,48.0
2025-10,2.7.12 Material-Equipamento Controle de Acesso Mola aerea,220.0
2025-10,2.7.12 Material-Equipamento Controle de Acesso Pulseira,170.0
2025-10,2.8.7 Dedetizações em Geral Controle integrado de pragas,1290.5
2025-10,2.8.8 Desentupimento em Geral Limpeza do cesto da estação elevatória e gestão de resíduos,845.5
2025-10,2.8.18 Manutenção e Limpeza da Piscina Ref. 09/2025,600.0
2025-10,"2.8.21 Manutenção das Instalações Manutenção preventiva na estação elevatória (limpeza das bombas, cesto",3104.0
2025-10,2.9.9 Cópias e Autenticações 420 impressões coloridas,221.0
2025-10,2.9.9 Cópias e Autenticações Cópias adm - apoio contas a pagar ref. 09/2025,56.0
2025-10,2.9.10 Encadernações e Materias Graficos 2 livros de protocolos,121.7
2025-10,2.9.15 Festas e Eventos no Condomínio Locação de 10 conjuntos de mesas,150.0
2025-10,"2.9.15 Festas e Eventos no Condomínio Locação de brinquedos: futebol de sabão, piscina de bolinha + 3",1410.0
2025-10,2.9.15 Festas e Eventos no Condomínio Locação de máquina de pipoca,350.0
2025-10,2.10.1 Repasse de Encargos de Cobrança Ref. 09/2025,38.37
2025-10,2.10.2 Honorarios de Cobranças Jurídicas Ref. a prestação de conta 10/2025,463.16
2025-10,2.10.3 Assessoria Jurídica Ref. 09/2025,4950.0
2025-10,2.11.1 Desp. c- Boletos Bancarios,1416.0
2025-10,2.11.1 Desp. c- Boletos Bancarios (venc. 8 /2025),4.0
2025-10,2.11.1 Desp. c- Boletos Bancarios (venc. 9 /2025),208.0
2025-10,2.11.2 Despesas Bancarias,44.74
2025-10,2.11.2 Despesas Bancarias,44.74
2025-10,"2.7.4 Materiais de Limpeza e consumo Pedra sanitária, papel, pano, saco de",595.16
2025-10,2.7.1 Tintas e Materiais para Pintura Fita crepe e transparente,100.0
2025-10,2.7.12 Material-Equipamento Controle de Acesso Pulseira,170.0
2025-10,2.7.4 Materiais de Limpeza e consumo Bobina cata caca,229.56
2025-10,2.4.21 Remuneração Síndico Ref. 09/2025,4200.0
2025-10,2.4.7 Serviços de Administração de Condomínio Ref. 09/2025,4200.0
2025-10,2.9.10 Encadernações e Materias Graficos 2 livros de protocolos,121.7
2025-10,2.6.1 Energia Elétrica Ref. 09/2025 (Clube),2730.57
2025-10,2.7.4 Materiais de Limpeza e consumo Varal de chão,65.0
2025-10,2.5.4 ISS Retido de prestadores de serviços Adenildo Francisco Alves Junior - Me,96.0
2025-10,"2.7.6 Material p- Consertos e Reparos Cadeado, adubo, gancho de rede, lima",335.17
2025-10,2.6.2 Água e Esgoto Ref. 09/2025,17085.6
2025-10,2.7.11 Plantas e Jardinagens Manta,48.0
2025-10,2.8.21 Manutenção das Instalações Manutenção preventiva na estação,3104.0
2025-10,2.6.1 Energia Elétrica Ref. 10/2025 (Estação elevatória,944.47
2025-10,2.6.1 Energia Elétrica Ref. 10/2025 (Portaria),2775.07
2025-10,2.5.1 INSS Retido de prestadores de serviços Help Soluções Ambientais Ltda 10651,159.5
2025-10,2.7.12 Material-Equipamento Controle de Acesso Mola aerea,220.0
2025-10,2.8.18 Manutenção e Limpeza da Piscina Ref. 09/2025,600.0
2025-10,2.5.2 PCC Retido FORNECEDOR / PRESTADOR DE SERVIÇOS,1004.4
2025-10,2.5.1 INSS Retido de prestadores de serviços FORNECEDOR / PRESTADOR DE SERVIÇOS,1188.0
2025-10,"2.4.19 Contratos - Manutenção Elétrica Manutenção elétrica, portaria e controle",1280.0
2025-10,2.9.15 Festas e Eventos no Condomínio Locação de brinquedos: futebol de,1410.0
2025-10,2.5.2 PCC Retido,2490.17
2025-10,2.5.1 INSS Retido de prestadores de serviços FORNECEDOR / PRESTADOR DE SERVIÇOS,2945.36
2025-10,2.10.3 Assessoria Jurídica Ref. 09/2025,4950.0
2025-10,2.10.1 Repasse de Encargos de Cobrança Ref. 09/2025,38.37
2025-10,2.9.9 Cópias e Autenticações Cópias adm - apoio contas a pagar ref.,56.0
2025-10,2.7.7 Vidros Vidro,171.0
2025-10,2.9.15 Festas e Eventos no Condomínio Locação de máquina de pipoca,350.0
2025-10,2.9.15 Festas e Eventos no Condomínio Locação de 10 conjuntos de mesas,150.0
2025-10,2.4.1 Portaria Vigilância e Controle Acesso Investimento equipamentos ref.,2300.0
2025-10,2.4.5 Auxiliar de Manutenção Limpeza e jardinagem ref. 09/2025,19407.6
2025-10,2.6.3 Telefone-Internet Período de 05/09/2025 a 04/10/2025,79.98
2025-10,2.4.1 Portaria Vigilância e Controle Acesso Ref. 09/2025,48116.48
2025-10,2.7.11 Plantas e Jardinagens Casca de pinus e limitador,103.0
2025-10,2.9.9 Cópias e Autenticações 420 impressões coloridas,221.0
2025-10,2.10.2 Honorarios de Cobranças Jurídicas Ref. a prestação de conta 10/2025,463.16
2025-10,"2.7.2 Material de Limpeza Piscina Cloro, clear gel, alcalinidade, fita teste,",631.8
2025-10,"2.7.3 Material Para Manutenção Elétrica Cabo pp, conector, disjuntor, led",522.97
2025-10,2.8.8 Desentupimento em Geral Limpeza do cesto da estação elevatória,845.5
2025-10,2.8.7 Dedetizações em Geral Controle integrado de pragas,1290.5
2025-10,2.7.6 Material p- Consertos e Reparos Areia fina,49.9
2025-02,1.1.1 Taxa de Condominio,74947.95
2025-02,1.1.1 Taxa de Condominio (venc. 1 /2025),2018.8
2025-02,1.1.5 Taxa de Água,12855.04
2025-02,1.1.5 Taxa de Água (venc. 1 /2025),309.68
2025-02,1.1.7 Ressarcimento de Despesas Valor ref. a pagamento do saae (Construtora),7200.06
2025-02,1.1.8 Encargos de Cobrança,93.8
2025-02,1.1.14 Homologação Acordo Extrajudicial,11033.71
2025-02,1.1.14 Homologação Acordo Extrajudicial (venc. 3 /2025),303.68
2025-02,1.1.20 Multas Juros e Correções,503.29
2025-02,1.1.20 Multas Juros e Correções (venc. 1 /2025),63.16
2025-02,1.1.20 Multas Juros e Correções (venc. 3 /2025),12.52
2025-02,1.1.29 Atualização Monetária,26.48
2025-02,1.1.29 Atualização Monetária (venc. 3 /2025),0.73
2025-02,1.2.1 Taxas Fundo de Reserva,3748.14
2025-02,1.2.1 Taxas Fundo de Reserva (venc. 1 /2025),100.96
2025-02,1.4.1 Rendimento de Aplicação,70.97
2025-02,2.4.1 Portaria Vigilância e Controle Acesso Investimento equipamentos ref. 01/2025,2300.0
2025-02,2.4.1 Portaria Vigilância e Controle Acesso Ref. 01/2025,22759.38
2025-02,2.4.5 Auxiliar de Manutenção Limpeza e jardinagem ref. 01/2025,10206.0
2025-02,2.4.7 Serviços de Administração de Condomínio Ref. 01/2025,4200.0
2025-02,2.4.21 Remuneração Síndico Ref. 01/2025,4200.0
2025-02,2.6.1 Energia Elétrica Ref. 01/2025 (Clube),2488.19
2025-02,2.6.1 Energia Elétrica Ref. 02/2025 (Estação elevatória de esgoto),441.4
2025-02,2.6.1 Energia Elétrica Ref. 02/2025 (Portaria),1369.6
2025-02,2.6.2 Água e Esgoto Ref. 01/2025,16258.2
2025-02,2.6.3 Telefone-Internet Período de 05/01/2Unidade XXX 04/02/2025,91.6
2025-02,"2.7.2 Material de Limpeza Piscina Cloro, ph estável, maresias, algicida, etc.",698.0
2025-02,2.7.4 Materiais de Limpeza e consumo Kit 2 refil ibbl c+3 purificador de água,94.36
2025-02,"2.7.4 Materiais de Limpeza e consumo Sabão em pó, rodo, vassoura, cabo, etc.",437.69
2025-02,"2.7.6 Material p- Consertos e Reparos Cadeado latão, broca, espanador, corda, desentupidor, bucha, etc. 3",337.43
2025-02,"2.7.6 Material p- Consertos e Reparos Tesoura, cadeado , sifão, fita, fechadura, etc.",500.5
2025-02,2.7.10 Aluguel de Caçamba 1 caçamba 08/01/2025,330.0
2025-02,2.8.7 Dedetizações em Geral Controle integrado de pragas,1290.5
2025-02,2.8.13 Manutenção Ar Condicionado Limpeza e higienização,190.0
2025-02,2.8.18 Manutenção e Limpeza da Piscina Ref. 01/2025,600.0
2025-02,2.9.6 Desp. c- Cartório Registro de ATA 09/10/2024,429.6
2025-02,"2.9.9 Cópias e Autenticações Relatórios de cadastros, notificações e envelopes",7.4
2025-02,2.9.10 Encadernações e Materias Graficos Impressão e encadernação da pasta contábil ref. 01/2025,253.0
2025-02,2.10.1 Repasse de Encargos de Cobrança Ref. 01/2025,125.69
2025-02,2.10.2 Honorarios de Cobranças Jurídicas,1742.15
2025-02,2.10.3 Assessoria Jurídica Assessoria,4950.0
2025-02,2.11.1 Desp. c- Boletos Bancarios,1200.0
2025-02,2.11.1 Desp. c- Boletos Bancarios (venc. 1 /2025),32.0
2025-02,2.12.1 Móveis e Utensílios Bebedouro,1779.89
2025-02,2.4.7 Serviços de Administração de Condomínio Ref. 01/2025,4200.0
2025-02,2.7.10 Aluguel de Caçamba 1 caçamba 08/01/2025,330.0
2025-02,"2.7.2 Material de Limpeza Piscina Cloro, ph estável, maresias, algicida,",698.0
2025-02,2.12.9 Containers Container e carro coletor,2065.34
2025-02,"2.7.6 Material p- Consertos e Reparos Cadeado latão, broca, espanador,",337.43
2025-02,2.8.3 Seguro Condominial,481.9
2025-02,2.6.2 Água e Esgoto Ref. 01/2025,16258.2
2025-02,2.10.1 Repasse de Encargos de Cobrança Ref. 01/2025,125.69
2025-02,2.9.6 Desp. c- Cartório Registro de ATA 09/10/2024,429.6
2025-02,2.6.1 Energia Elétrica Ref. 01/2025 (Clube),2488.19
2025-02,2.8.13 Manutenção Ar Condicionado Limpeza e higienização,190.0
2025-02,2.7.4 Materiais de Limpeza e consumo Kit 2 refil ibbl c+3 purificador de água,94.36
2025-02,2.6.1 Energia Elétrica Ref. 02/2025 (Estação elevatória de,441.4
2025-02,2.6.1 Energia Elétrica Ref. 02/2025 (Portaria),1369.6
2025-02,2.12.1 Móveis e Utensílios Bebedouro,1779.89
2025-02,2.4.21 Remuneração Síndico Ref. 01/2025,4200.0
2025-02,"2.7.4 Materiais de Limpeza e consumo Sabão em pó, rodo, vassoura, cabo,",437.69
2025-02,"2.7.6 Material p- Consertos e Reparos Tesoura, cadeado , sifão, fita,",500.5
2025-02,2.8.18 Manutenção e Limpeza da Piscina Ref. 01/2025,600.0
2025-02,"2.9.9 Cópias e Autenticações Relatórios de cadastros, notificações e",7.4
2025-02,2.10.3 Assessoria Jurídica Assessoria,4950.0
2025-02,2.6.3 Telefone-Internet Período de 05/01/2Unidade XXX 04/02/2025,91.6
2025-02,2.9.10 Encadernações e Materias Graficos Impressão e encadernação da pasta,253.0
2025-02,2.12.9 Containers Contentor 1000L,1990.0
2025-02,2.10.2 Honorarios de Cobranças Jurídicas,1742.15
2025-02,2.8.7 Dedetizações em Geral Controle integrado de pragas,1290.5
2025-02,2.4.1 Portaria Vigilância e Controle Acesso Investimento equipamentos ref.,2300.0
2025-02,2.4.5 Auxiliar de Manutenção Limpeza e jardinagem ref. 01/2025,10206.0
2025-02,2.4.1 Portaria Vigilância e Controle Acesso Ref. 01/2025,22759.38
